:020000040800F2
:100000004808002481030008254C00083D29000809
:100010008D030008E3090008A96C00080000000037
:10002000000000000000000000000000894F0008F0
:10003000110B000800000000274C00089151000837
:100040009B0300089B0300089B0300089B03000818
:100050009B0300089B0300089B0300089B03000808
:100060009B0300089B0300089B0300089B030008F8
:100070009B0300089B0300089B0300089B030008E8
:100080009B0300089B0300089B0300089B030008D8
:100090009B0300089B0300089B0300089B030008C8
:1000A0009B0300089B0300089B0300089B030008B8
:1000B0009B0300089B0300089B0300089B030008A8
:1000C0009B0300089B0300089B0300089B03000898
:1000D0009B0300089B0300089B0300089B03000888
:1000E0009B0300089B030008000000009B0300081E
:1000F0009B0300089B0300089B0300089B03000868
:100100009B0300089B0300089B0300089B03000857
:100110009B0300089B0300089B0300089B03000847
:100120009B0300089B0300089B0300089B03000837
:100130009B0300089B0300089B0300089B03000827
:1001400000000000000000000000000000000000AF
:100150009B0300089B0300089B0300089B03000807
:100160009B0300089B0300089B0300089B030008F7
:100170009B0300089B0300089B030008000000008D
:100180009B0300089B0300089B0300089B030008D7
:100190009B0300089B0300089B0300089B030008C7
:1001A0009B0300089B0300089B0300089B030008B7
:1001B0009B0300089B0300089B0300089B030008A7
:1001C0009B0300089B0300089B0300089B03000897
:1001D0009B0300089B0300089B0300089B03000887
:1001E0009B0300089B0300089B0300089B03000877
:1001F0009B0300089B0300089B0300089B03000867
:100200009B0300089B0300089B0300089B03000856
:100210009B0300089B0300089B0300089B03000846
:100220009B0300089B0300089B03000800000000DC
:100230009B0300089B030008000000009B030008CC
:100240009B0300089B0300089B0300089B03000816
:100250009B0300089B0300089B0300089B03000806
:100260009B0300089B0300089B0300089B030008F6
:100270009B0300089B0300089B030008000000008C
:100280009B030008000000009B0300080000000022
:10029000000000009B03000800F002F800F046F8A0
:1002A0000AA090E8000C82448344AAF10107DA45D1
:1002B00001D100F03BF8AFF2090EBAE80F0013F0DD
:1002C000010F18BFFB1A43F001031847BC9300004D
:1002D000DC930000103A24BF78C878C1FAD85207DE
:1002E00024BF30C830C144BF04680C6070470000B0
:1002F0000023002400250026103A28BF78C1FBD82F
:10030000520728BF30C148BF0B607047782900F002
:10031000BB80732900F09F82002070471FB506F054
:100320008CFE00F08EF91FBD10B510BD00F0A0FAD4
:100330001146FFF7F3FF06F0DEFD00F0BEFA03B44E
:10034000FFF7F2FF03BC00F0C3FA00000B49D1F83D
:1003500000C04A685CF8043B1068184442F8040B7B
:100360008C4528BFA1F1DC0C8A4228BFA1F1DC0238
:10037000C1F800C04A6020F000407047DC01002452
:100380000948804709480047FEE7FEE7FEE7FEE729
:10039000FEE7FEE7FEE7FEE7FEE7FEE70448054965
:1003A000054A064B70470000995100089902000861
:1003B000480200244808002448040024480400247B
:1003C0000FB41CB5074B06AA7B44694600900598FC
:1003D00000F017FA0020694600F026FA1CBC5DF810
:1003E00014FB00005D04000070B5044685690068D8
:1003F000C10601D5302600E02026C00707D070BD19
:10040000D4E9012130469047206A401C20626D1ECD
:10041000F6D570BD70B5044685690078C00707D170
:1004200070BDD4E9012120209047206A401C206241
:100430006D1EF6D570BD70B50C460546012A05D077
:100440002878800600D5EA69002302E0012305E050
:100450005B1C934202D2E05C0028F9D1A869E6183F
:10046000C01AA861286A184428622846FFF7BCFF12
:1004700004E0D5E9012114F8010B9047B442F8D308
:100480002846FFF7C7FF70BD70B504460D462146EC
:100490001068AFF300802188090502D50F4A7A441D
:1004A00002E00E4A7A440E32002104F1240305E0F2
:1004B00000F00F060009965D5E54491C0028F7D134
:1004C00020780023000704D5702D02D009B1022343
:1004D00011322046BDE8704000F034B9F6900000BB
:1004E0002DE9F05F894604464FF0000ADFF824B199
:1004F000FB44C0F820A02046E168884700287DD052
:10050000252806D0D4E901219047206A401C2062AA
:10051000F1E700255F462046E16888472028064627
:1005200007DB312E05D2B81910F8200C08B10543AD
:10053000F1E7A80701D525F00405C4F81CA00027A1
:10054000C4F818A02A2E09D0304606F040FC38B373
:1005500004EB8708303EC8F8186019E059F8041B0E
:10056000204604EB87029161E1688847012F064627
:1005700018D1E069002820DA25F020051DE0D8F820
:10058000180000EB800006EB40003038C8F8180077
:100590002046E1688847064606F019FC0028EED19F
:1005A000012F0AD02E2E08D12046E16888477F1CF3
:1005B0000646022F45F02005C4DBA069002803DAB7
:1005C000404245F00105A061E80701D025F0100583
:1005D000A6B1A6F14100192802D8203645F40065DD
:1005E0004A463146204625604D46FFF78FFE60B1F2
:1005F000012807D0ED1D25F0070000E007E000F11D
:10060000080978E705F1040975E730467AE7206ABA
:10061000BDE8F09FCC9000000B4910B5A1F17C0221
:100620000A4CC2E93712372106E000EB104342F8CA
:100630002130074B00FB03400B1EA1F10101F4DC4C
:1006400010BD0120E8E700007C010024E119D66616
:10065000CD0D010040EA0103024630B59B0710D1E1
:100660004FF0013400E008C208C91D1B9D4315EA84
:10067000C41FF8D013F0FF0102F8011B0DD01B0AB4
:10068000F8E711F8013B002B02F8013B05D011F807
:10069000013B002B02F8013BF3D130BD10B5431CE8
:1006A00002E010F8011B71B18107FAD14FF001325D
:1006B00002C88C1A8C4314EAC211F9D0C01A0A0677
:1006C00003D0C01E10BDC01A10BD0A0401D0801E88
:1006D00010BD0902FCD0401E10BD4FF0000200B555
:1006E000134694469646203922BFA0E80C50A0E855
:1006F0000C50B1F12001BFF4F7AF090728BFA0E803
:100700000C5048BF0CC05DF804EB890028BF40F8CE
:10071000042B08BF704748BF20F8022B11F0804F10
:1007200018BF00F8012B704770477047704710B52D
:1007300000F096F8006810BD10B5044600F090F87F
:10074000046010BD2DE9F0470D46994692460446D7
:1007500000F124080168880604D5E06921F0100141
:10076000216000E00120A84201DD471B00E00027D6
:10077000A1697A1902EB0900081AA0612078C00665
:1007800002D42046FFF730FE002608E0D4E901211C
:100790001AF806009047206A401C761C20624E45DD
:1007A000F4DB2078C0060AD52046FFF71DFE06E0E0
:1007B000D4E9012130209047206A401C2062381E75
:1007C000A7F10107F4DC07E0D4E9012118F80500DE
:1007D0009047206A401C2062281EA5F10105F3DC29
:1007E0002046FFF717FE2078000602D50220BDE85C
:1007F000F0870120FBE7000001694A1C02610878CC
:10080000704700B58FB0CDE9013100210591054950
:100810007944CDE9031011466846FFF761FE0FB039
:1008200000BD0000E5FFFFFF0A6802F8010B0A6047
:10083000704710B5436913B1AFF3008001E0FFF7D3
:10084000FAFD012010BD127800F124010A70002287
:100850004A700122EDE711684FF0FF32E9E700002E
:1008600000487047E401002400487047E401002478
:100870007546FFF7F9FFAE4605006946534620F07E
:100880000700854618B020B5FFF788FDBDE8204079
:100890004FF000064FF000074FF000084FF0000B3C
:1008A00021F00701AC46ACE8C009ACE8C009ACE8EF
:1008B000C009ACE8C0098D46704710B50446AFF3D7
:1008C00000802046BDE81040FFF739BD70470000AA
:1008D00001491820ABBEFEE72600020010B502F069
:1008E00059F810BD2DE9F04107460C4600260025B9
:1008F00009E036023919491B491E88B200F008F890
:100900000644681CC5B2A542F3DB3046BDE8F08161
:1009100070B50446002602F007F92546E11704EBFE
:1009200011610912A02202EB4101C8B202F0BEF827
:1009300002F04EF9E11704EB11610912A4EB012159
:10094000C8B202F0B3F802F043F902F0EDF8A120CA
:1009500002F0ACF802F03CF9002002F071F8064613
:1009600002F00CF9304670BD2DE9F04105460E4607
:100970001746002409E0E20026FA02F2D1B22A1951
:1009800090B200F006F8601CC4B2BC42F3DBBDE8D4
:10099000F08170B504460E4602F0C6F82546E11710
:1009A00004EB11610912A02202EB4101C8B202F06E
:1009B0007DF802F00DF9E11704EB11610912A4EBC7
:1009C0000121C8B202F072F802F002F9304602F0DA
:1009D0006DF802F0FDF802F0D1F80A2006F00EFAE8
:1009E00070BD00BFFEE7000010B504F00DFA04F082
:1009F000BDF90348006840F004000149086010BDDB
:100A00009CEF00E00EB51EA000F084F8002010213D
:100A100020A24FF6E073CDE9002102901F221E2193
:100A20000A2004F0B3FA0020102123A24FF6E0734D
:100A3000CDE9002102901F2232210A2004F0A6FAFB
:100A40000120182122A24FF6E073CDE90021029087
:100A50001F2246210A2004F099FA0120202122A217
:100A60004FF6E073CDE9002102901F2264210A2095
:100A700004F08CFA4FF4966006F0C0F90EBD000049
:100A8000B2E2CAD4373AD6D0CEC4CFD4CABEB2E2CC
:100A9000CAD4000031365831363AC8ABB6AFB5E7E4
:100AA000D7D3BCBCCAF5D3D0CFDEB9ABCBBEBBB6B7
:100AB000D3ADC4FA0000000031365831363A5765DC
:100AC0006C636F6D65C8ABB6AFB5E7D7D3000000F8
:100AD00032345832343AC9EEDBDACAD0D6D0CEC47A
:100AE000B2E2CAD40000000033325833323AD7D6CB
:100AF000CCE5B2E2CAD4000010B5034603F0F8001A
:100B0000000201F0FC0440EAC40040EAD20010BD3B
:100B1000704700003EB504464FF6FF702349088039
:100B20001F2000902248028814230021084602F06A
:100B300009FA012010211F234FF6FF72CDE9004171
:100B400002900221002000F049FD1F20009018486B
:100B50004088401E83B216480088401E82B2144866
:100B60004088143881B2002002F0ECF901201021F5
:100B700010A2CDE9002102900D484088123881B2C0
:100B80001F234FF6FF72002000F028FD4FF6FF7084
:100B9000009007484088153883B205480088401EF9
:100BA00082B21521002002F0CDF93EBD34000024B0
:100BB000BC000024687474703A2F2F7777772E6CFE
:100BC000636477696B692E636F6D00002DE9F047F0
:100BD00004460D4616461F46DDE908893B46324667
:100BE0002946204602F016F94B4642463946304621
:100BF00002F010F92B4622464946404602F00AF917
:100C0000BDE8F0870EB52BA0FFF784FF00200C2174
:100C10002DA24FF6E073CDE9002102901F221E2184
:100C20000A2004F0B3F901200C2132A24FF6E07340
:100C3000CDE9002102901F222D210A2004F0A6F9FF
:100C400000200C2136A24FF6E073CDE9002102907E
:100C50001F223C210A2004F099F90020102138A21B
:100C60004FF6E073CDE9002102901F2250210A20A7
:100C700004F08CF9012010213CA24FF6E073CDE97D
:100C8000002102901F2264210A2004F07FF9002035
:100C9000102141A24FF6E073CDE9002102901F22FE
:100CA00078210A2004F072F94FF4966006F0A6F855
:100CB0000EBD0000B2E2CAD4363AD3A2CEC4CFD41D
:100CC000CABEB2E2CAD40000365831323A61626319
:100CD0006465666768696A6B6C6D6E6F707172735C
:100CE0007475767778797A303132333435363738EF
:100CF00039000000365831323A41424344454647B4
:100D000048494A4B4C4D4E4F5051525354555657EB
:100D100058595A30313233343536373839000000BB
:100D2000365831323A7E21402324255E262A28294E
:100D30005F2B7B7D3A3C3E3F2F7C2D2B2E0000000D
:100D4000385831363A6162636465666768696A6B10
:100D50006C6D6E6F707172737475767778797A30A6
:100D600031323334353637383900000038583136AF
:100D70003A4142434445464748494A4B4C4D4E4F01
:100D8000505152535455565758595A3031323334C2
:100D90003536373839000000385831363A7E214030
:100DA0002324255E262A28295F2B7B7D3A3C3E3F63
:100DB0002F7C2D2B2E00000070B504461D4600230D
:100DC000B5F5804F13D154F822300C480340D1E9D7
:100DD000000640EA06108E6840EA06208E8940EA46
:100DE00006408E693043034344F8223003E06FF03D
:100DF000704044F82200002070BD00000000F0CFD9
:100E000010B502460023086852F820301B48034002
:100E1000D1E901042043CC6820430C6920434C698C
:100E200020438C692043CC6920430C6A20434C6AE0
:100E300020438C6A2043CC6A20430C6B20438C6B8C
:100E400020434C6B204303438868082801D143F0BA
:100E50004003086842F82030086BB0F5801F05D1C8
:100E6000086818B110680C6B20431060086818B14E
:100E700010684C6B20431060002010BD8004C0FF40
:100E800030B5034614460022601C53F8202002F0BF
:100E90004042D1E9000540EA05108D6840EA05208E
:100EA0008D8940EA0545088A401E45EA0055087DBF
:100EB000801E45EA00608D6928430243601C43F8A8
:100EC0002020186800F4801038B1586820F47002AF
:100ED000088A401E42EA00525A60002030BD30B5F8
:100EE0000246002300240868012816D013686FF317
:100EF0000E03D1E901052843CD6828430D69284335
:100F00004D6928438D692843CD6928430D6A2843DC
:100F10004D6A28430343136019E0136823F4F84330
:100F2000D1E9070528434D6A2843034354686FF30A
:100F30000E04D1E901052843CD6828430D692843F3
:100F40004D6928438D692843044313605460002091
:100F500030BD0246506940EA4100506100207047B0
:100F600018B5034600200090D1E9000420438C68A6
:100F7000641E40EA4410CC6840EA44200090009887
:100F80001861002018BD000070B503461546002208
:100F90000024012D1FD09A6802F070420868401E9C
:100FA0004E68761E40EA06168868401E46EA00260D
:100FB000C868401E46EA0036088A401E46EA0046D7
:100FC000888A401E46EA0056087E401E46EA0060B7
:100FD00002439A6022E09A6811480240C868401EA5
:100FE0000603888A401E46EA00500243DC6804F08B
:100FF00070440868401E4E68761E40EA06168868EF
:10100000401E46EA0026088A401E46EA0046087E40
:10101000401E46EA006004439A60DC60002070BD18
:10102000FF0F0FFF2DE9FF4F85B000260027BDF809
:101030001800BDF82010884207DD08A906A805F0B1
:10104000CDFE07A905A805F0C9FEBDF82000BDF832
:101050004C10884207DD08A913A805F0BFFE07A9B8
:1010600012A805F0BBFEBDF81800BDF8201088429C
:1010700007DD08A906A805F0B1FE07A905A805F037
:10108000ADFEBDF81800BDF84C10884238D1BDF84F
:10109000140003900490BDF81C00BDF810108842A5
:1010A00003DABDF81C00049008E0BDF81C00BDF890
:1010B0000C10884202DDBDF81C000390BDF848000A
:1010C000BDF81010884203DABDF84800049008E02B
:1010D000BDF84800BDF80C10884202DDBDF848009C
:1010E0000390534800880090BDF81830BDF80C20DC
:1010F0001946BDF8100001F025FF09B0BDE8F08FDA
:10110000BDF81C00BDF81410A0EB010BBDF82000C9
:10111000BDF81810401A0290BDF84800BDF8141030
:10112000451ABDF84C00BDF81810A0EB0109BDF838
:101130004800BDF81C10A0EB010ABDF84C00BDF83A
:101140002010401A0190BDF82000BDF84C108842D4
:1011500002D1BDF8208004E0BDF82000401E1FFA37
:1011600080F8BDF8184027E0029896FBF0F0BDF833
:101170001410084480B2049097FBF9F0BDF81410E5
:10118000084480B203905E442F44BDF81000BDF8BF
:101190000C10884203DD03A904A805F01FFE2448B3
:1011A000008823460090BDF80C202146BDF81000B1
:1011B00001F0C8FE601C84B24445D5DDBDF82000B6
:1011C000201A00FB0AF6BDF81800201A00FB05F7EC
:1011D00027E0019896FBF0F0BDF81C10084480B29F
:1011E000049097FBF9F0BDF81410084480B2039006
:1011F00056442F44BDF81000BDF80C10884203DDA2
:1012000003A904A805F0EAFD0948008823460090D8
:10121000BDF80C202146BDF8100001F093FE601CC3
:1012200084B2BDF84C008442D3DD00BF65E7000006
:10123000340000242DE9FC5F0546884691469A4615
:10124000DDF830B000954920019000245FE004EB08
:101250000410374911F810009BF80010884253D150
:1012600004EB0410324901EB400040789BF8011078
:10127000884249D108F10F0083B205F10F0082B214
:101280004146284603F08EFA00263BE0002734E072
:101290000D9890B904EB0410254901EB4000801C27
:1012A000805D80213941084018B1484603F0B4FC04
:1012B00021E0504603F0B0FC1DE01E48A0F800906D
:1012C00004EB04101A4901EB4000801C805D802172
:1012D0003941084018B14146284601F0F3FD681C29
:1012E00085B20098281A102805D1009D08F1010048
:1012F0001FFA80F803E0781CC7B2082FC8DB00BFD4
:10130000701CC6B2202EC1DB00BF601C84B20198E5
:1013100084429CDB08484088401E83B2064800880F
:10132000401E82B20021084603F03CFABDE8FC9F53
:10133000D87A000834000024BC0000242DE9FC5FAA
:101340000546884691469A46DDF830B0009507205C
:101350000190002467E004EB840000EB44103A495C
:1013600011F810009BF80010884259D104EB84005A
:1013700000EB4410344901EB400040789BF8011029
:1013800088424DD108F1170083B205F1170082B2EF
:101390004146284603F006FA00263FE0002738E0E1
:1013A0000D98A0B904EB840000EB4410264901EB32
:1013B0004000801C805D80213941084018B14846BA
:1013C00003F02AFC23E0504603F026FC1FE01F48F0
:1013D000A0F8009004EB840000EB44101A4901EBE4
:1013E0004000801C805D80213941084018B1414691
:1013F000284601F067FD681C85B20098281A182855
:1014000005D1009D08F101001FFA80F803E0781C67
:10141000C7B2082FC4DB00BF701CC6B2482EBDDBAC
:1014200000BF601C84B20198844294DB0848408865
:10143000401E83B206480088401E82B20021084642
:1014400003F0B0F9BDE8FC9F8A8400083400002452
:10145000BC0000242DE9FC5F0546884691469A466B
:10146000DDF830B000950420019000245FE004EB2B
:101470008410374911F810009BF80010884253D1AE
:1014800004EB8410324901EB400040789BF80110D6
:10149000884249D108F11F0083B205F11F0082B2D2
:1014A0004146284603F07EF900263BE0002734E061
:1014B0000D9890B904EB8410254901EB4000801C85
:1014C000805D80213941084018B1484603F0A4FBF3
:1014D00021E0504603F0A0FB1DE01E48A0F800905C
:1014E00004EB84101A4901EB4000801C805D8021D0
:1014F0003941084018B14146284601F0E3FC681C18
:1015000085B20098281A202805D1009D08F1010015
:101510001FFA80F803E0781CC7B2082FC8DB00BFB1
:10152000701CC6B2802EC1DB00BF601C84B2019863
:1015300084429CDB08484088401E83B206480088ED
:10154000401E82B20021084603F02CF9BDE8FC9F42
:101550009086000834000024BC00002470B50546C5
:101560000E4614463146284603F012F9204603F091
:1015700053FB70BD2DE9F05F0746884615461E46B1
:10158000DDF8289008EB0600401E83B27819401E53
:1015900082B24146384603F005F900240AE019F802
:1015A00014B009EB440090F801A04BEA0A2003F0C4
:1015B00033FB641C05FB06F0A042F0DC06484088C3
:1015C000401E83B204480088401E82B200210846B3
:1015D00003F0E8F8BDE8F09FBC0000242DE9FE4FC1
:1015E0000E4617469846DDE90D9A0C9C2046FFF7FB
:1015F00055F885B208490988A1EBC50000EBD07108
:10160000C1F34F0B43463A46314658468DE8100623
:1016100003F0BCFCBDE8FE8FBC000024034800685A
:1016200040F00100014908607047000020040058A4
:10163000F8B502460B460021002600240020824D0A
:1016400000BFFCE0012707FA01F61F6807EA06045D
:10165000B4427CD15F68022F02D05F68122F1AD18A
:101660004FEAD10C02F1200757F82C004F074FEA40
:10167000D76C0F2707FA0CF7B8434FEA417C4FEAC3
:10168000DC6C1F6907FA0CF738434FEAD10C02F102
:10169000200747F82C0010684FEA410C032707FA8F
:1016A0000CF7B8431F7907F003074FEA410C07FA1C
:1016B0000CF7384310605F68012F08D05F68022F75
:1016C00005D05F68112F02D05F68122F17D1906884
:1016D0004FEA410C032707FA0CF7B8434FEA410CD5
:1016E000DF6807FA0CF738439060506801278F4095
:1016F000B8431F79C7F300178F4038435060D06854
:101700004FEA410C032707FA0CF7B8434FEA410CA4
:101710009F6807FA0CF73843D0605F6807F080577E
:10172000B7F1805F95D100BF484F3F6847F002078F
:10173000DFF818C1CCF8007067463F6807F0020771
:10174000009700BF00BF424F4FEA910C00E075E0E8
:1017500057F82C008F074FEA177C0F2707FA0CF772
:10176000B8433C4FBA4201D100272DE03A4FBA426C
:1017700001D1012728E0394FBA4201D1022723E0E5
:10178000374FBA4201D103271EE0364FBA4201D18A
:10179000042719E0344FBA4201D1052714E0334F32
:1017A000BA4201D106270FE0314FBA4201D10727D3
:1017B0000AE0304FBA4201D1082705E02E4FBA4265
:1017C00001D1092700E00A274FEA817C4FEA1C7CFF
:1017D00007FA0CF738431E4F4FEA910C47F82C00DC
:1017E0002868A0435F6807F48037B7F5803F00D1D1
:1017F000204328606868A0435F6807F40037B7F5A6
:10180000003F00D1204368604FF0B0473868A043E4
:101810005F6807F48017B7F5801F00D120434FF0B1
:10182000B04738607868A0435F6807F40017B7F5E1
:10183000001F00D120434FF0B0477860491C1029A9
:10184000FFF400AFF8BD000080000058F4440258D7
:10185000080400580000025800040258000802580A
:10186000000C0258001002580014025800180258C8
:10187000001C025800200258002402580246136936
:101880000B400BB1012000E00020704742694A4044
:10189000426170470AB1018300E041837047000054
:1018A00001480068704700002400002403480068D5
:1018B000034909780844014908607047240000245E
:1018C0002C00002410B5032000F0D2F80F2000F007
:1018D00007F808B1012010BD00F08CF80020FAE7ED
:1018E00070B504460E4800784FF47A71B1FBF0F001
:1018F0000C490968B1FBF0F5284601F005F808B17C
:10190000012070BD102C07D200222146501E00F08D
:1019100072F80548046001E00120F2E70020F0E7DA
:101920002C0000241C000024280000244178154AC3
:1019300011600178F9B1121D41681160017B09073E
:10194000C27A41EA0261827A41EAC241427B41EABB
:101950008241827B41EA4241C27B41EA0241427AB2
:1019600041EA0221027A41EA420102781143054A22
:101970000832116005E00021024A121D1160121D9B
:101980001160704798ED00E000BF00BF00BFBFF3DB
:101990005F8F00BF00BF00BF0548006820F48030A3
:1019A0000349086000200249703108607047000058
:1019B00024ED00E040F001010D4A11600C4970393E
:1019C000096841F480310A4A703A116000BF00BFD3
:1019D00000BFBFF34F8F00BF00BF00BF00BF00BFFD
:1019E00000BFBFF36F8F00BF00BF00BF7047000094
:1019F00094ED00E070472DE9F05F80460D461646F5
:101A000005F054F9074639462A46334601F00700E7
:101A1000C0F1070ABAF1040F02D94FF0040A01E03D
:101A2000C0F1070AD14600F1040ABAF1070F02D249
:101A30004FF0000A01E0A0F1030AD4464FF0010A7A
:101A40000AFA09FAAAF1010A0AEA020A0AFA0CFADF
:101A50004FF0010B0BFA0CFBABF1010B0BEA030B84
:101A60004AEA0B042146404605F028F9BDE8F09FFC
:101A700000BF00F00702064B19684FF6FF0319403C
:101A8000044B0B4343EA0221014B196000BF70472E
:101A90000CED00E00000FA0570B504460D46002686
:101AA0008D48006800F00700A8420ED28A480068FE
:101AB00020F007002843884908600846006800F0C5
:101AC0000700A84201D0012070BD207800F002007C
:101AD000022807D18148006820F00F00E168084320
:101AE0007E490860207800F00100002851D07B4832
:101AF000006820F47060A168084378490860606855
:101B0000022807D1754818380068C0F34040F8B97A
:101B10000120D9E76068032807D1704818380068A9
:101B2000C0F34060A0B90120CEE76068012807D16A
:101B30006A4818380068C0F3002048B90120C3E79C
:101B4000664818380068C0F3800008B90120BBE778
:101B500062480838006820F00700616808435F4960
:101B600008390860FFF79CFE06466068022811D11C
:101B700008E0FFF795FE801B41F28831884201D9C9
:101B80000320A1E755480838006800F03800102805
:101B9000EFD13AE06068032811D108E0FFF780FE3A
:101BA000801B41F28831884201D903208CE74B48E1
:101BB0000838006800F038001828EFD125E0606888
:101BC000012811D108E0FFF76BFE801B41F288313C
:101BD000884201D9032077E740480838006800F0C0
:101BE00038000828EFD110E008E0FFF759FE801B0D
:101BF00041F28831884201D9032065E73748083827
:101C0000006800F038000028EFD13348006800F089
:101C10000700A8420ED93048006820F0070028438A
:101C20002D4908600846006800F00700A84201D06E
:101C3000012049E7207800F00400042807D1274854
:101C4000006820F07000216908432449086020786A
:101C500000F00800082809D12048001D006820F085
:101C60007000616908431D49091D0860207800F073
:101C70001000102809D11948001D006820F4E06008
:101C8000A16908431549091D0860207800F020006B
:101C9000202809D111480830006820F07000E1695F
:101CA00008430E490831086000F01EF80B49096826
:101CB00001F470614FF4807292FAA2F2B2FA82F2E9
:101CC000D140074A515CC840064908600F20FFF721
:101CD00007FE0020F8E600000020005218440258D9
:101CE000889500081C00002470B5012500EE905A6C
:101CF0000022012100230024DFED861AB0EE610AE4
:101D0000DFED841AB0EE611A0020834D2D6805F0D6
:101D1000380535B1082D15D0102D15D0182D7CD1D2
:101D200014E07D4D103D2D68C5F3401545B17A4D49
:101D3000103D2D68C5F3C106784D25FA06F000E088
:101D40007648E5E07648E3E07648E1E0724D183504
:101D50002D6805F00302704D18352D68C5F3051187
:101D60006D4D1C352D6805F001036B4D24352D6834
:101D7000C5F3CC0515FB03F501EE905AF8EE611A98
:101D8000B0EE610A22B1012A4FD0022A7DD16BE068
:101D9000614D103D2D68C5F340152DB35E4D103DCE
:101DA0002D68C5F3C1065D4D25FA06F4B4FBF1F5C7
:101DB00001EE905AB8EE612ADFED5B1AC0EE212ADF
:101DC000554D20352D68C5F3080501EE905AF8EE03
:101DD000611A72EEA11AF7EE002A71EEA21A62EEF3
:101DE000211AB0EE611A1FE04C4DB5FBF1F501EE82
:101DF000905AB8EE612ADFED4C1AC0EE212A464D0A
:101E000020352D68C5F3080501EE905AF8EE611AE9
:101E100072EEA11AF7EE002A00E077E071EEA21A46
:101E200062EE211AB0EE611A5EE03D4DB5FBF1F5B0
:101E300001EE905AB8EE612ADFED3B1AC0EE212A7E
:101E4000354D20352D68C5F3080501EE905AF8EEA2
:101E5000611A72EEA11AF7EE002A71EEA21A62EE72
:101E6000211AB0EE611A3FE02E4DB5FBF1F501EEFF
:101E7000905AB8EE612ADFED2C1AC0EE212A264DC9
:101E800020352D68C5F3080500E00EE001EE905AFC
:101E9000F8EE611A72EEA11AF7EE002A71EEA21A9C
:101EA00062EE211AB0EE611A1EE01D4DB5FBF1F590
:101EB00001EE905AF8EE612ADFED1B1A80EE212A1E
:101EC000154D20352D68C5F3080501EE905AF8EE42
:101ED000611A72EE211AB7EE002A71EE821A62EED2
:101EE000A11AB0EE611A00BF00BF0B4D20352D685E
:101EF000C5F346256D1C00EE905AF8EE601A81EE8F
:101F0000212AFCEEC21A11EE900A01E0044800BF3B
:101F100000BF70BD00000000104402580090D003C4
:101F200000093D0040787D010000004670B5044680
:101F30000025207800F00100002872D0F9480068E0
:101F400000F0380010280CD0F648006800F0380087
:101F5000182812D1F3481830006800F00300022856
:101F60000BD1F04810380068C0F3404000286DD015
:101F7000606800286AD1012070BD00BF6068B0F5BC
:101F8000803F08D1E7481038006840F48030E549C8
:101F9000103908602EE0606868B9E24810380068BF
:101FA00020F48030DF49103908600846006820F4CA
:101FB000802008601EE06068B0F5A02F0DD1D948E0
:101FC0001038006840F48020D6491039086008466F
:101FD000006840F4803008600CE0D2481038006897
:101FE00020F48030CF49103908600846006820F49A
:101FF0008020086000BF6068A0B1FFF751FC054673
:1020000008E0FFF74DFC401B41F28831884201D9BE
:102010000320B1E7C34810380068C0F340400028EF
:10202000EFD013E0FFF73CFC054608E0FFF738FC73
:10203000401B41F28831884201D903209CE7B9480E
:1020400010380068C0F340400028EFD1207800F03D
:102050000200022847D1B348006800F0380058B1A8
:10206000B048006800F0380018283ED1AD4818305C
:10207000006800F00300B8BBAA4810380068C0F33D
:10208000800018B1E06808B9012075E7A54810384C
:10209000006820F01900E1680843A249103908607F
:1020A000FFF7FEFB054606E0FFF7FAFB401B0228A0
:1020B00001D9032060E79B4810380068C0F3800016
:1020C0000028F1D097480C38006820F47C304FF499
:1020D0007C3292FAA2F2B2FA82F22169914008436C
:1020E00090490C3908604AE0FFE7E06868B38D4822
:1020F0001038006820F01900E16808438949103958
:102100000860FFF7CDFB054606E0FFF7C9FB401B63
:10211000022801D903202FE7824810380068C0F355
:1021200080000028F1D07F480C38006820F47C3013
:102130004FF47C3292FAA2F2B2FA82F22169914013
:10214000084378490C39086019E07648103800686F
:1021500020F00100734910390860FFF7A1FB054624
:1021600006E0FFF79DFB401B022801D9032003E78F
:102170006C4810380068C0F380000028F1D1207846
:1021800000F01000102877D16648006800F0380091
:1021900008280CD06348006800F03800182823D1C4
:1021A00060481830006800F0030001281CD15D4829
:1021B00010380068C0F3002020B1E069802801D009
:1021C0000120D9E657480C38006820F0F8404FF05D
:1021D000F84292FAA2F2B2FA82F2216A91400843DE
:1021E00050490C39086047E0E06958B34D48103851
:1021F000006840F080004B4910390860FFF750FB41
:10220000054606E0FFF74CFB401B022801D90320DE
:10221000B2E6444810380068C0F300200028F1D02E
:1022200040480C38006820F0F8404FF0F84292FA2D
:10223000A2F2B2FA82F2216A9140084339490C397C
:10224000086019E037481038006820F080003549F0
:1022500010390860FFF724FB054606E0FFF720FB76
:10226000401B022801D9032086E62E48103800685A
:10227000C0F300200028F1D1207800F008000828E1
:1022800036D16069D0B127486430006840F0010061
:10229000244964310860FFF703FB054606E0FFF7B9
:1022A000FFFA401B022801D9032065E61D4864306F
:1022B0000068C0F340000028F1D019E019486430EC
:1022C000006820F00100174964310860FFF7E8FA60
:1022D000054606E0FFF7E4FA401B022801D9032077
:1022E0004AE6104864300068C0F340000028F1D18D
:1022F000207800F02000202834D1A069D8B1094806
:102300001038006840F48050064910390860FFF723
:10231000C7FA054608E0FFF7C3FA401B022803D9B5
:10232000032029E610440258AF480068C0F340304B
:102330000028F0D016E0AC48006820F48050AA498C
:102340000860FFF7ADFA054606E0FFF7A9FA401B63
:10235000022801D903200FE6A3480068C0F34030EB
:102360000028F2D1207800F0040004287DD19F4895
:10237000006840F480709D490860FFF791FA0546B7
:1023800006E0FFF78DFA401B642801D90320F3E52E
:102390009648006800F480700028F2D000BFA06862
:1023A000012808D190487030006840F001008E4943
:1023B000703108602DE0A06868B98B487030006803
:1023C00020F001008849703108600846006820F05C
:1023D000040008601DE0A06805280DD18248703017
:1023E000006840F0040080497031086008460068C9
:1023F00040F0010008600CE07B487030006820F07D
:1024000001007949703108600846006820F0040036
:10241000086000BFA068A0B1FFF742FA054608E0D7
:10242000FFF73EFA401B41F28831884201D9032070
:10243000A2E56D4870300068C0F340000028EFD07E
:1024400013E0FFF72DFA054608E0FFF729FA401BD5
:1024500041F28831884201D903208DE5624870300D
:102460000068C0F340000028EFD1606A00287CD0EB
:102470005D481030006800F03800182876D0606A97
:10248000022874D15848006820F0807056490860CE
:10249000FFF706FA054606E0FFF702FA401B02289E
:1024A00001D9032068E550480068C0F34060002867
:1024B000F2D100BFD4E90A1041EA00104A4928319C
:1024C000096840F2F33291430843474928310860D4
:1024D000208E401EC0F30800616B491E4FF47E42FF
:1024E00002EA41210843218F491ED20102EA01413B
:1024F00008433C21095D491E120202EA01610843BA
:1025000039493031086000BF081D00684FF6F87186
:1025100088434FF6F87292FAA2F2B2FA82F2A16CF4
:10252000914008433049343108602F482C3000680E
:1025300020F00C00216C08432B492C310860084620
:10254000006820F00200616C084327492C310860C4
:102550000846006840F4803008600846006840F48F
:10256000003008600846006802E03BE038E01FE009
:1025700040F4802008600846006840F001000860D0
:102580001948006840F0807017490860FFF788F923
:10259000054606E0FFF784F9401B022801D9032015
:1025A000EAE411480068C0F340600028F2D019E066
:1025B0000D48006820F080700B490860FFF770F943
:1025C000054606E0FFF76CF9401B022801D90320FD
:1025D000D2E405480068C0F340600028F2D101E071
:1025E0000120C9E40020C7E4004402580048025812
:1025F00070B504460D460CB9012070BD94F82C004E
:1026000028B9002084F82D00204600F019F8022097
:1026100084F82C00211D2068FEF761FC2946D4E9CE
:102620000002FEF7B1FC0548006840F00040034995
:102630000860012084F82C000020DEE700400052F2
:1026400010B586B0044600BF4648006840F002005E
:10265000444908600846006800F00200009000BF8E
:1026600000BF00BF3F482038006840F480503D491B
:10267000203908600846006800F48050009000BFD0
:1026800000BF00BF37481438006840F004003549E7
:10269000143908600846006800F00400009000BF8C
:1026A00000BF00BF0846006840F008000860084608
:1026B000006800F00800009000BF00BF00BF08469F
:1026C000006840F0100008600846006800F0100044
:1026D000009000BF00BF00BF0846006840F0200027
:1026E00008600846006800F02000009000BF00BFAE
:1026F00000BF0846006840F04000086008460068D7
:1027000000F04000009000BF00BF0D2001900220AB
:10271000029001200390032004900C20059001A951
:102720001148FEF785FF4CF20370019001A90F4894
:10273000FEF77EFF4FF68370019001A90C48FEF76B
:1027400077FF4FF63F00019001A90A48FEF770FF9E
:1027500048F23710019001A90748FEF769FF06B05B
:1027600010BD0000F444025800080258000C025842
:1027700000100258001402580018025870B50446A0
:102780000D4694F82C00022800D170BD022084F878
:102790002C0029462068FEF7DCFB012084F82C0081
:1027A0000020F2E770B504460D46164694F82C005A
:1027B000022800D170BD022084F82C003246294640
:1027C0002068FEF7CDFB2868022803D1052084F895
:1027D0002C0002E0012084F82C000020EAE7000031
:1027E00070B504460E4615460CB9012070BD94F82C
:1027F000450028B9002084F84400204600F024F861
:1028000004F108012068FEF7FBFA3146A26820684F
:10281000FEF736FB2946E36AD4E90102FEF7CCFA5B
:10282000A168206850F8210040F00100A2682168EA
:1028300041F822000348006840F000400149086068
:102840000020D3E70040005210B586B0044600BF18
:102850002048006840F480501E490860084600681F
:1028600000F48050009000BF00BF00BF19480C303A
:10287000006840F0080017490C31086008460068FD
:1028800000F00800009000BF00BF00BF08460068CD
:1028900040F0100008600846006800F0100000904A
:1028A00000BF00BF4EF2B3700190022002900120E1
:1028B0000390032004900C20059001A90648FEF720
:1028C000B7FE4FF68070019001A90448FEF7B0FEF4
:1028D00006B010BDD4440258000C02580010025833
:1028E000042808D14FF0E021096941F004014FF0BC
:1028F000E022116107E04FF0E021096921F00401B5
:102900004FF0E0221161704770B504462546681EFD
:10291000B0F1807F01D301200FE0681E4FF0E0216D
:1029200048610F214FF0FF3004F0C8F900204FF04C
:10293000E021886107200861002070BD00BFFEE72C
:1029400010B5002210211248FEF7A4FF10480068BD
:1029500020F440600E4908600846006840F480603A
:102960000860002220210A48FEF794FF022004F0AC
:1029700051FA012210210648FEF78CFF022004F0D4
:1029800049FA002210210248FEF784FF10BD000022
:10299000001C025800B587B000BF1248006840F024
:1029A0008000104908600846006800F0800001902F
:1029B00000BF00BF3020029001200390049003204C
:1029C000059002A90848FEF733FE0122202106489F
:1029D000FEF760FF012210210348FEF75BFF07B0FE
:1029E00000BD0000E0440258001C025810B500224F
:1029F00010211248FEF74EFF1048006820F4406096
:102A00000E4908600846006840F4806008600122B2
:102A100020210A48FEF73EFF022004F0FBF90122C4
:102A200010210648FEF736FF022004F0F3F90022D9
:102A300010210248FEF72EFF10BD0000001C0258B6
:102A400070B5054600241848006820F44060164917
:102A5000086008460068086000261AE0002210217D
:102A60001148FEF717FF022004F0D4F901221021CB
:102A70000D48FEF70FFF6006040E20210A48FEF7FE
:102A8000FDFE08B1601CC4B2012004F0C3F9701C43
:102A9000C6B2082EE2DB15B9FFF7A8FF01E0FFF789
:102AA0004FFF204670BD0000001C025870B5044660
:102AB0001C48006820F440601A4908600846006815
:102AC00040F480600860002210211648FEF7E2FE04
:102AD000002523E0E00928B1012220211148FEF75A
:102AE000D9FE04E0002220210E48FEF7D3FE600646
:102AF000040E022004F08EF9012210210948FEF78D
:102B0000C9FE022004F086F9002210210548FEF7D4
:102B1000C1FE022004F07EF9681CC5B2082DD9DB85
:102B200070BD0000001C025810B51348006820F466
:102B30004060114908600846006840F48060086001
:102B4000012220210C48FEF7A5FE012210210A488F
:102B5000FEF7A0FE042004F05DF9002220210648C3
:102B6000FEF798FE042004F055F9002210210248D7
:102B7000FEF790FE10BD0000001C025810B513486F
:102B8000006820F44060114908600846006840F47D
:102B900080600860002210210C48FEF77BFE0022B6
:102BA00020210A48FEF776FE042004F033F90122C2
:102BB00010210648FEF76EFE042004F02BF90122D6
:102BC00020210248FEF766FE10BD0000001C0258DE
:102BD00010B500241748006820F4406015490860CB
:102BE000084600680860012220211248FEF752FEC4
:102BF000012004F00FF9012210210E48FEF74AFED1
:102C0000012004F007F907E0601CC4B2FA2C03DDD0
:102C1000FFF7B4FF012010BD20210648FEF72EFE6D
:102C20000028F1D1002210210248FEF733FE0020D7
:102C3000F1E70000001C025800B587B000BF24482F
:102C4000006840F00100224908600846006800F072
:102C50000100019000BF00BF00BF0846006840F0BF
:102C6000040008600846006800F00400019000BFFE
:102C700000BF00BF0846006840F0800008600846BA
:102C8000006800F08000019000BF00BF01200290AA
:102C900000200390022004900320059002A90D4813
:102CA000FEF7C6FC4FF40050029000200390012074
:102CB00004900320059002A90748FEF7B9FC0C20F8
:102CC000029002A90548FEF7B3FC07B000BD000062
:102CD000E04402580000025800080258001C025844
:102CE00010B50446012C01D12D4908702C480078FC
:102CF000002839D008212B48FEF7C0FD80B10421FF
:102D00002848FEF7BBFD58B14FF400512648FEF7A6
:102D1000B5FD28B101212548FEF7B0FD012823D1DA
:102D20000A2004F06BF800201D49087008211D4896
:102D3000FEF7A4FD08B9012010BD04211948FEF7D3
:102D40009DFD08B90220F7E74FF400511648FEF741
:102D500095FD08B90320EFE701211448FEF78EFD29
:102D600001281BD10420E7E708210E48FEF786FD65
:102D7000012813D104210B48FEF780FD01280DD155
:102D800041030948FEF77AFD012807D101210748D0
:102D9000FEF774FD10B90120014908700020CBE74F
:102DA0006C000024001C0258000802580000025861
:102DB00070B504460C4800880B49498800FB01F6B1
:102DC00009484088401E83B207480088401E82B2EE
:102DD0000021084601F0E6FC002502E003480480DB
:102DE0006D1CB542FAD370BDBC0000240000086021
:102DF000F8B504460D4616461F46054800883B4672
:102E0000324629460090204600F09CF8F8BD0000AC
:102E1000340000242DE9FF4F85B081468A4600200A
:102E2000049003900798A0EB09050898A0EB0A0608
:102E3000CDF80890CDF804A0002D01DD012705E0B4
:102E40000DB9002702E04FF0FF376D42002E02DD82
:102E50004FF0010806E016B94FF0000802E04FF00D
:102E6000FF387642B54201DD2C4600E034464FF093
:102E7000000B21E0019A91B2029A90B200F022F880
:102E80000498284404900398304403900498A04286
:102E900005DD0498001B04900298384402900398C2
:102EA000A04205DD0398001B039001984044019067
:102EB0000BF101001FFA80FB601C8345DADD09B0CD
:102EC000BDE8F08F30B504460D462946204601F096
:102ED0005FFC0248008801F09FFE30BD34000024F2
:102EE0002DE9F04104460D4616461F462B46324654
:102EF00029462046FFF78EFF3B46224629462046BC
:102F0000FFF788FF3B46324639462046FFF782FFEF
:102F10003B46324629463046FFF77CFFBDE8F0814C
:102F20000FB470B5DDE90B45049406950449CB6AEE
:102F30008A68486804A9FDF73FFF70BC5DF814FB80
:102F4000700000242DE9F05F04460D4616461F462A
:102F5000301B401C1FFA80FA781B401C1FFA80FBB4
:102F60003B4632462946204601F01CFC4FF0000843
:102F70000FE04FF0000906E00A9801F04DFE09F15C
:102F800001001FFA80F9D145F6DB08F101001FFAB4
:102F900080F8D845EDDB07484088401E83B20548DD
:102FA0000088401E82B20021084601F0FBFBBDE80C
:102FB000F09F0000BC0000240FB400B58DB000BF2E
:102FC0002848006840F0020026490860084600686A
:102FD00000F00200009000BF00BF4FF49070089016
:102FE000012009900A9003200B9008A91E48FEF7C3
:102FF0001FFB01F023FB1D481D4908601D48486068
:103000000020886000211A48C160016110214161DF
:1030100000218161C16101624FF480514162002150
:1030200081624FF48041C1620021016341634FF42A
:10303000801181631120019000200290552003909F
:103040000020079015200E9000200F901520109062
:10305000002014900EAA01A90548FFF7C1FB0DB08E
:103060005DF814FBE044025800040258004000528E
:10307000700000240441005200B58DB00AA807C8B2
:103080008DE8070006A80FC8FFF796FF322003F06F
:10309000B5FE4FF4704001F003FD552001F0F4FC43
:1030A0004FF2010001F0FCFCAA2001F0EDFC4FF210
:1030B000020001F0F5FC522001F0E6FC4FF20300A3
:1030C00001F0EEFC082001F0DFFC4FF2040001F0FB
:1030D000E7FC012001F0D8FC4FF4364001F0E0FCA1
:1030E000342001F0D1FC4BF2016001F0D9FC342016
:1030F00001F0CAFC4BF2026001F0D2FC342001F076
:10310000C3FC4FF4304001F0CBFC0D2001F0BCFCBF
:103110004BF2010001F0C4FC0D2001F0B5FC4BF2B4
:10312000020001F0BDFC0D2001F0AEFC4FF4374071
:1031300001F0B6FC242001F0A7FC4BF2017001F075
:10314000AFFC242001F0A0FC4BF2027001F0A8FCBF
:10315000242001F099FC4FF4314001F0A1FC0D2036
:1031600001F092FC4BF2011001F09AFC0D2001F0ED
:103170008BFC4BF2021001F093FC0D2001F084FC5B
:103180004FF4384001F08CFC242001F07DFC4BF61C
:10319000010001F085FC242001F076FC4BF60200D2
:1031A00001F07EFC242001F06FFC4FF4324001F06E
:1031B00077FC002001F068FC4FF4394001F070FC0E
:1031C000242001F061FC4BF6011001F069FC242081
:1031D00001F05AFC4BF6021001F062FC242001F0D1
:1031E00053FC4FF4334001F05BFC052001F04CFC34
:1031F0004BF2013001F054FC052001F045FC4BF28C
:10320000023001F04DFC052001F03EFC4FF43A4045
:1032100001F046FC342001F037FC4BF6012001F0B0
:103220003FFC342001F030FC4BF6022001F038FC6A
:10323000342001F029FC4FF4354001F031FC0B2023
:1032400001F022FC4BF2015001F02AFC0B2001F0AE
:103250001BFC4BF2025001F023FC0B2001F014FC8C
:103260004FF43C4001F01CFC002001F00DFC4BF63B
:10327000014001F015FCA32001F006FC4BF60240D2
:1032800001F00EFC002001F0FFFB4FF43D4001F087
:1032900007FC002001F0F8FB4BF6015001F000FCA8
:1032A000A32001F0F1FB4BF6025001F0F9FB0020E6
:1032B00001F0EAFB4FF43E4001F0F2FB002001F088
:1032C000E3FB4BF6016001F0EBFB632001F0DCFB5C
:1032D0004FF4514001F0E4FB002001F0D5FB4DF22A
:1032E000011001F0DDFB372001F0CEFB4DF20210A2
:1032F00001F0D6FB002001F0C7FB4DF2031001F0F6
:10330000CFFB522001F0C0FB4DF2041001F0C8FBCE
:10331000002001F0B9FB4DF2051001F0C1FB7B204C
:1033200001F0B2FB4DF2061001F0BAFB002001F0F3
:10333000ABFB4DF2071001F0B3FB992001F0A4FBA9
:103340004DF2081001F0ACFB002001F09DFB4DF2A6
:10335000091001F0A5FBB12001F096FB4DF20A1017
:1033600001F09EFB002001F08FFB4DF20B1001F0ED
:1033700097FBD22001F088FB4DF20C1001F090FB7E
:10338000002001F081FB4DF20D1001F089FBF620C9
:1033900001F07AFB4DF20E1001F082FB012001F0EA
:1033A00073FB4DF20F1001F07BFB272001F06CFB4B
:1033B0004DF2101001F074FB012001F065FB4DF29D
:1033C000111001F06DFB4E2001F05EFB4DF212106A
:1033D00001F066FB012001F057FB4DF2131001F0E4
:1033E0005FFB8C2001F050FB4DF2141001F058FBF4
:1033F000012001F049FB4DF2151001F051FBBE20F8
:1034000001F042FB4DF2161001F04AFB022001F0E0
:103410003BFB4DF2171001F043FB0B2001F034FB96
:103420004DF2181001F03CFB022001F02DFB4DF293
:10343000191001F035FB482001F026FB4DF21A105F
:1034400001F02EFB022001F01FFB4DF21B1001F0DA
:1034500027FB4A2001F018FB4DF21C1001F020FB65
:10346000022001F011FB4DF21D1001F019FB7E202E
:1034700001F00AFB4DF21E1001F012FB022001F0D8
:1034800003FB4DF21F1001F00BFBBC2001F0FCFA16
:103490004DF2201001F004FB022001F0F5FA4DF28C
:1034A000211001F0FDFAE12001F0EEFA4DF22210B8
:1034B00001F0F6FA032001F0E7FA4DF2231001F0D3
:1034C000EFFA102001F0E0FA4DF2241001F0E8FAD2
:1034D000032001F0D9FA4DF2251001F0E1FA312074
:1034E00001F0D2FA4DF2261001F0DAFA032001F0D1
:1034F000CBFA4DF2271001F0D3FA5A2001F0C4FAAA
:103500004DF2281001F0CCFA032001F0BDFA4DF283
:10351000291001F0C5FA732001F0B6FA4DF22A1015
:1035200001F0BEFA032001F0AFFA4DF22B1001F0CA
:10353000B7FA942001F0A8FA4DF22C1001F0B0FA7D
:10354000032001F0A1FA4DF22D1001F0A9FA9F20FD
:1035500001F09AFA4DF22E1001F0A2FA032001F0C8
:1035600093FA4DF22F1001F09BFAB32001F08CFA80
:103570004DF2301001F094FA032001F085FA4DF27B
:10358000311001F08DFAB92001F07EFA4DF23210BF
:1035900001F086FA032001F077FA4DF2331001F0C2
:1035A0007FFAC12001F070FA4FF4524001F078FA2E
:1035B000002001F069FA4DF2012001F071FA372084
:1035C00001F062FA4DF2022001F06AFA002001F0E7
:1035D0005BFA4DF2032001F063FA522001F054FA35
:1035E0004DF2042001F05CFA002001F04DFA4DF29A
:1035F000052001F055FA7B2001F046FA4DF2062035
:1036000001F04EFA002001F03FFA4DF2072001F0E0
:1036100047FA992001F038FA4DF2082001F040FAFB
:10362000002001F031FA4DF2092001F039FAB12001
:1036300001F02AFA4DF20A2001F032FA002001F0DE
:1036400023FA4DF20B2001F02BFAD22001F01CFAE4
:103650004DF20C2001F024FA002001F015FA4DF291
:103660000D2001F01DFAF62001F00EFA4DF20E20A9
:1036700001F016FA012001F007FA4DF20F2001F0D7
:103680000FFA272001F000FA4DF2102001F008FA9D
:10369000012001F0F9F94DF2112001F001FA4E205C
:1036A00001F0F2F94DF2122001F0FAF9012001F0D7
:1036B000EBF94DF2132001F0F3F98C2001F0E4F95D
:1036C0004DF2142001F0ECF9012001F0DDF94DF28A
:1036D000152001F0E5F9BE2001F0D6F94DF21620D3
:1036E00001F0DEF9022001F0CFF94DF2172001F0D0
:1036F000D7F90B2001F0C8F94DF2182001F0D0F9EC
:10370000022001F0C1F94DF2192001F0C9F9482059
:1037100001F0BAF94DF21A2001F0C2F9022001F0CD
:10372000B3F94DF21B2001F0BBF94A2001F0ACF9CE
:103730004DF21C2001F0B4F9022001F0A5F94DF280
:103740001D2001F0ADF97E2001F09EF94DF21E2002
:1037500001F0A6F9022001F097F94DF21F2001F0C7
:103760009FF9BC2001F090F94DF2202001F098F96A
:10377000022001F089F94DF2212001F091F9E120B8
:1037800001F082F94DF2222001F08AF9032001F0C4
:103790007BF94DF2232001F083F9102001F074F938
:1037A0004DF2242001F07CF9032001F06DF94DF277
:1037B000252001F075F9312001F066F94DF226203F
:1037C00001F06EF9032001F05FF94DF2272001F0BE
:1037D00067F95A2001F058F94DF2282001F060F9FC
:1037E000032001F051F94DF2292001F059F973201D
:1037F00001F04AF94DF22A2001F052F9032001F0BC
:1038000043F94DF22B2001F04BF9942001F03CF9E3
:103810004DF22C2001F044F9032001F035F94DF26E
:103820002D2001F03DF99F2001F02EF94DF22E20C0
:1038300001F036F9032001F027F94DF22F2001F0B5
:103840002FF9B32001F020F94DF2302001F028F9D2
:10385000032001F019F94DF2312001F021F9B920CE
:1038600001F012F94DF2322001F01AF9032001F0B3
:103870000BF94DF2332001F013F9C12001F004F9E6
:103880004FF4534001F00CF9002001F0FDF84DF227
:10389000013001F005F9372001F0F6F84DF2023061
:1038A00001F0FEF8002001F0EFF84DF2033001F0D6
:1038B000F7F8522001F0E8F84DF2043001F0F0F88A
:1038C000002001F0E1F84DF2053001F0E9F87B202D
:1038D00001F0DAF84DF2063001F0E2F8002001F0D4
:1038E000D3F84DF2073001F0DBF8992001F0CCF865
:1038F0004DF2083001F0D4F8002001F0C5F84DF287
:10390000093001F0CDF8B12001F0BEF84DF20A30D7
:1039100001F0C6F8002001F0B7F84DF20B3001F0CD
:10392000BFF8D22001F0B0F84DF20C3001F0B8F839
:10393000002001F0A9F84DF20D3001F0B1F8F620A9
:1039400001F0A2F84DF20E3001F0AAF8012001F0CA
:103950009BF84DF20F3001F0A3F8272001F094F806
:103960004DF2103001F09CF8012001F08DF84DF27D
:10397000113001F095F84E2001F086F84DF212302A
:1039800001F08EF8012001F07FF84DF2133001F0C4
:1039900087F88C2001F078F84DF2143001F080F8AF
:1039A000012001F071F84DF2153001F079F8BE20D8
:1039B00001F06AF84DF2163001F072F8022001F0C1
:1039C00063F84DF2173001F06BF80B2001F05CF852
:1039D0004DF2183001F064F8022001F055F84DF274
:1039E000193001F05DF8482001F04EF84DF21A3020
:1039F00001F056F8022001F047F84DF21B3001F0BB
:103A00004FF84A2001F040F84DF21C3001F048F820
:103A1000022001F039F84DF21D3001F041F87E200E
:103A200001F032F84DF21E3001F03AF8022001F0B8
:103A30002BF84DF21F3001F033F8BC2001F024F8D0
:103A40004DF2203001F02CF8022001F01DF84DF26B
:103A5000213001F025F8E12001F016F84DF2223076
:103A600001F01EF8032001F00FF84DF2233001F0B1
:103A700017F8102001F008F84DF2243001F010F88A
:103A8000032001F001F84DF2253001F009F8312052
:103A900000F0FAFF4DF2263001F002F8032000F0AA
:103AA000F3FF4DF2273000F0FBFF5A2000F0ECFF4F
:103AB0004DF2283000F0F4FF032000F0E5FF4DF256
:103AC000293000F0EDFF732000F0DEFF4DF22A30C8
:103AD00000F0E6FF032000F0D7FF4DF22B3000F09E
:103AE000DFFF942000F0D0FF4DF22C3000F0D8FF23
:103AF000032000F0C9FF4DF22D3000F0D1FF9F20D0
:103B000000F0C2FF4DF22E3000F0CAFF032000F09B
:103B1000BBFF4DF22F3000F0C3FFB32000F0B4FF25
:103B20004DF2303000F0BCFF032000F0ADFF4DF24D
:103B3000313000F0B5FFB92000F0A6FF4DF2323071
:103B400000F0AEFF032000F09FFF4DF2333000F095
:103B5000A7FFC12000F098FF4FF4544000F0A0FFF1
:103B6000002000F091FF4DF2014000F099FF372056
:103B700000F08AFF4DF2024000F092FF002000F0BA
:103B800083FF4DF2034000F08BFF522000F07CFFDA
:103B90004DF2044000F084FF002000F075FF4DF26C
:103BA000054000F07DFF7B2000F06EFF4DF20640E7
:103BB00000F076FF002000F067FF4DF2074000F0B4
:103BC0006FFF992000F060FF4DF2084000F068FFA1
:103BD000002000F059FF4DF2094000F061FFB120D4
:103BE00000F052FF4DF20A4000F05AFF002000F0B2
:103BF0004BFF4DF20B4000F053FFD22000F044FF8A
:103C00004DF20C4000F04CFF002000F03DFF4DF263
:103C10000D4000F045FFF62000F036FF4DF20E405B
:103C200000F03EFF012000F02FFF4DF20F4000F0AA
:103C300037FF272000F028FF4DF2104000F030FF42
:103C4000012000F021FF4DF2114000F029FF4E202D
:103C500000F01AFF4DF2124000F022FF012000F0A8
:103C600013FF4DF2134000F01BFF8C2000F00CFFFF
:103C70004DF2144000F014FF012000F005FF4DF25A
:103C8000154000F00DFFBE2000F0FEFE4DF2164084
:103C900000F006FF022000F0F7FE4DF2174000F0A2
:103CA000FFFE0B2000F0F0FE4DF2184000F0F8FE91
:103CB000022000F0E9FE4DF2194000F0F1FE48202C
:103CC00000F0E2FE4DF21A4000F0EAFE022000F0A1
:103CD000DBFE4DF21B4000F0E3FE4A2000F0D4FE74
:103CE0004DF21C4000F0DCFE022000F0CDFE4DF253
:103CF0001D4000F0D5FE7E2000F0C6FE4DF21E40B5
:103D000000F0CEFE022000F0BFFE4DF21F4000F09A
:103D1000C7FEBC2000F0B8FE4DF2204000F0C0FE0F
:103D2000022000F0B1FE4DF2214000F0B9FEE1208A
:103D300000F0AAFE4DF2224000F0B2FE032000F097
:103D4000A3FE4DF2234000F0ABFE102000F09CFEDD
:103D50004DF2244000F0A4FE032000F095FE4DF249
:103D6000254000F09DFE312000F08EFE4DF22640F1
:103D700000F096FE032000F087FE4DF2274000F091
:103D80008FFE5A2000F080FE4DF2284000F088FEA1
:103D9000032000F079FE4DF2294000F081FE7320EF
:103DA00000F072FE4DF22A4000F07AFE032000F08F
:103DB0006BFE4DF22B4000F073FE942000F064FE89
:103DC0004DF22C4000F06CFE032000F05DFE4DF241
:103DD0002D4000F065FE9F2000F056FE4DF22E4073
:103DE00000F05EFE032000F04FFE4DF22F4000F089
:103DF00057FEB32000F048FE4DF2304000F050FE78
:103E0000032000F041FE4DF2314000F049FEB920A0
:103E100000F03AFE4DF2324000F042FE032000F086
:103E200033FE4DF2334000F03BFEC12000F02CFE8B
:103E30004FF4554000F034FE002000F025FE4DF216
:103E4000015000F02DFE372000F01EFE4DF2025012
:103E500000F026FE002000F017FE4DF2035000F0A7
:103E60001FFE522000F010FE4DF2045000F018FE2C
:103E7000002000F009FE4DF2055000F011FE7B20FD
:103E800000F002FE4DF2065000F00AFE002000F0A5
:103E9000FBFD4DF2075000F003FE992000F0F4FD09
:103EA0004DF2085000F0FCFD002000F0EDFD4DF259
:103EB000095000F0F5FDB12000F0E6FD4DF20A508A
:103EC00000F0EEFD002000F0DFFD4DF20B5000F0A1
:103ED000E7FDD22000F0D8FD4DF20C5000F0E0FDDF
:103EE000002000F0D1FD4DF20D5000F0D9FDF6207C
:103EF00000F0CAFD4DF20E5000F0D2FD012000F09E
:103F0000C3FD4DF20F5000F0CBFD272000F0BCFDAB
:103F10004DF2105000F0C4FD012000F0B5FD4DF24F
:103F2000115000F0BDFD4E2000F0AEFD4DF21250DC
:103F300000F0B6FD012000F0A7FD4DF2135000F097
:103F4000AFFD8C2000F0A0FD4DF2145000F0A8FD54
:103F5000012000F099FD4DF2155000F0A1FDBE20AA
:103F600000F092FD4DF2165000F09AFD022000F094
:103F70008BFD4DF2175000F093FD0B2000F084FDF7
:103F80004DF2185000F08CFD022000F07DFD4DF246
:103F9000195000F085FD482000F076FD4DF21A50D2
:103FA00000F07EFD022000F06FFD4DF21B5000F08E
:103FB00077FD4A2000F068FD4DF21C5000F070FDC6
:103FC000022000F061FD4DF21D5000F069FD7E20E1
:103FD00000F05AFD4DF21E5000F062FD022000F08C
:103FE00053FD4DF21F5000F05BFDBC2000F04CFD76
:103FF0004DF2205000F054FD022000F045FD4DF23E
:10400000215000F04DFDE12000F03EFD4DF2225028
:1040100000F046FD032000F037FD4DF2235000F084
:104020003FFD102000F030FD4DF2245000F038FD2F
:10403000032000F029FD4DF2255000F031FD312024
:1040400000F022FD4DF2265000F02AFD032000F082
:104050001BFD4DF2275000F023FD5A2000F014FD07
:104060004DF2285000F01CFD032000F00DFD4DF234
:10407000295000F015FD732000F006FD4DF22A5086
:1040800000F00EFD032000F0FFFC4DF22B5000F07D
:1040900007FD942000F0F8FC4DF22C5000F000FDDC
:1040A000032000F0F1FC4DF22D5000F0F9FC9F20B0
:1040B00000F0EAFC4DF22E5000F0F2FC032000F07C
:1040C000E3FC4DF22F5000F0EBFCB32000F0DCFCE1
:1040D0004DF2305000F0E4FC032000F0D5FC4DF22E
:1040E000315000F0DDFCB92000F0CEFC4DF2325032
:1040F00000F0D6FC032000F0C7FC4DF2335000F076
:10410000CFFCC12000F0C0FC4FF4564000F0C8FCCA
:10411000002000F0B9FC4DF2016000F0C1FC372036
:1041200000F0B2FC4DF2026000F0BAFC002000F09A
:10413000ABFC4DF2036000F0B3FC522000F0A4FC95
:104140004DF2046000F0ACFC002000F09DFC4DF24C
:10415000056000F0A5FC7B2000F096FC4DF20660A7
:1041600000F09EFC002000F08FFC4DF2076000F094
:1041700097FC992000F088FC4DF2086000F090FC5C
:10418000002000F081FC4DF2096000F089FCB120B4
:1041900000F07AFC4DF20A6000F082FC002000F092
:1041A00073FC4DF20B6000F07BFCD22000F06CFC45
:1041B0004DF20C6000F074FC002000F065FC4DF244
:1041C0000D6000F06DFCF62000F05EFC4DF20E601C
:1041D00000F066FC012000F057FC4DF20F6000F08B
:1041E0005FFC272000F050FC4DF2106000F058FCFE
:1041F000012000F049FC4DF2116000F051FC4E200E
:1042000000F042FC4DF2126000F04AFC012000F088
:104210003BFC4DF2136000F043FC8C2000F034FCBA
:104220004DF2146000F03CFC012000F02DFC4DF23A
:10423000156000F035FCBE2000F026FC4DF2166043
:1042400000F02EFC022000F01FFC4DF2176000F081
:1042500027FC0B2000F018FC4DF2186000F020FC49
:10426000022000F011FC4DF2196000F019FC48200A
:1042700000F00AFC4DF21A6000F012FC022000F07F
:1042800003FC4DF21B6000F00BFC4A2000F0FCFB2D
:104290004DF21C6000F004FC022000F0F5FB4DF232
:1042A0001D6000F0FDFB7E2000F0EEFB4DF21E6075
:1042B00000F0F6FB022000F0E7FB4DF21F6000F07B
:1042C000EFFBBC2000F0E0FB4DF2206000F0E8FBCB
:1042D000022000F0D9FB4DF2216000F0E1FBE1206B
:1042E00000F0D2FB4DF2226000F0DAFB032000F078
:1042F000CBFB4DF2236000F0D3FB102000F0C4FB99
:104300004DF2246000F0CCFB032000F0BDFB4DF229
:10431000256000F0C5FB312000F0B6FB4DF22660B1
:1043200000F0BEFB032000F0AFFB4DF2276000F071
:10433000B7FB5A2000F0A8FB4DF2286000F0B0FB5C
:10434000032000F0A1FB4DF2296000F0A9FB7320CF
:1043500000F09AFB4DF22A6000F0A2FB032000F06F
:1043600093FB4DF22B6000F09BFB942000F08CFB44
:104370004DF22C6000F094FB032000F085FB4DF221
:104380002D6000F08DFB9F2000F07EFB4DF22E6033
:1043900000F086FB032000F077FB4DF22F6000F069
:1043A0007FFBB32000F070FB4DF2306000F078FB33
:1043B000032000F069FB4DF2316000F071FBB92081
:1043C00000F062FB4DF2326000F06AFB032000F067
:1043D0005BFB4DF2336000F063FBC12000F054FB47
:1043E0004FF4704000F05CFB552000F04DFB4FF2A5
:1043F000010000F055FBAA2000F046FB4FF202003E
:1044000000F04EFB522000F03FFB4FF2030000F0A3
:1044100047FB082000F038FB4FF2040000F040FB9F
:10442000002000F031FB4FF4304000F039FB082051
:1044300000F02AFB4BF2010000F032FB052000F0F7
:1044400023FB4BF2020000F02BFB022000F01CFBD0
:104450004BF2030000F024FB052000F015FB4BF2AB
:10446000040000F01DFB022000F00EFB4FF436406C
:1044700000F016FB082000F007FB4FF4354000F079
:104480000FFB502000F000FB4FF4374000F008FB1A
:10449000002000F0F9FA4BF2017000F001FB00205F
:1044A00000F0F2FA4FF4384000F0FAFA012000F080
:1044B000EBFA4BF6010000F0F3FA052000F0E4FA05
:1044C0004BF6020000F0ECFA052000F0DDFA4BF6A6
:1044D000030000F0E5FA052000F0D6FA4FF43C4066
:1044E00000F0DEFA002000F0CFFA4BF6014000F0B9
:1044F000D7FA002000F0C8FA4BF6024000F0D0FADC
:10450000002000F0C1FA4FF44C4000F0C9FA03203B
:1045100000F0BAFA4CF6014000F0C2FA002000F0B8
:10452000B3FA4CF6024000F0BBFA002000F0ACFAFF
:104530004FF43D4000F0B4FA012000F0A5FA4BF62C
:10454000015000F0ADFA842000F09EFA4BF60250C4
:1045500000F0A6FA072000F097FA4BF6035000F09F
:104560009FFA312000F090FA4BF6045000F098FAD0
:10457000002000F089FA4FF43A4000F091FA01204F
:1045800000F082FA4FF47F4000F08AFAAA2000F08F
:104590007BFA4FF6017000F083FA552000F074FAB0
:1045A0004FF6027000F07CFA252000F06DFA4FF60D
:1045B000037000F075FA012000F066FA4FF45450D1
:1045C00000F06EFA002000F05FFA4FF4585000F04F
:1045D00067FA002000F058FA4FF4685000F060FAD3
:1045E000552000F051FA4FF4885000F059FA782025
:1045F00002F004FC4FF4245000F052FA4FF4305013
:1046000000F04EFA0520039004900AA807C88DE830
:10461000070006A80FC8FEF783FC002000F05CFA34
:10462000012220210448FDF735F94FF6FF70FEF70F
:10463000BFFB0DB000BD0000000402581FB5FDF720
:10464000A3F901208DF8000000208DF801004FF043
:10465000C04001901B208DF8080000208DF8090053
:104660008DF80A0003208DF80B0000208DF80C0057
:104670008DF80D008DF80E0001208DF80F006846B2
:10468000FDF754F90420FDF795F91FBD00B500F0C2
:1046900073FA00BD70B504460D460A480088A04272
:1046A00003DD08484088A84201DC002070BD29468F
:1046B000204600F06DF800F007F800F093FA064687
:1046C0003046F3E7BC00002400B50249488900F0F9
:1046D000E7F900BDBC00002470B506460C4615463F
:1046E000304600F0DDF906E0FFF7D0FF24F8020BBA
:1046F000052002F08FFB281EA5F10105F4D170BD45
:1047000008B54FF4704000F0CBF9552000F0BCF92B
:104710004FF2010000F0C4F9AA2000F0B5F94FF201
:10472000020000F0BDF9522000F0AEF94FF2030094
:1047300000F0B6F9082000F0A7F94FF2040000F0ED
:10474000AFF9012000F0A0F9012210494FF44540D3
:10475000FFF7C2FF0D48001F80884FF6FF7101EA86
:1047600000200A49091F8880012269464CF2015045
:10477000FFF7B2FF0548001F8088BDF8001008430E
:104780000249091F88800846808808BDC0000024AF
:1047900030B504460D462B4622462946204600F0F9
:1047A00001F830BD70B504460D461E462349888980
:1047B00000F076F9201200F067F920498989491C38
:1047C00088B200F06DF9E0B200F05EF91B4989890A
:1047D000891C88B200F064F9101200F055F91749ED
:1047E0008989C91C88B200F05BF9D0B200F04CF99D
:1047F0001249C88900F054F9281200F045F90F4910
:10480000C989491C88B200F04BF9E8B200F03CF9C4
:104810000A49C989891C88B200F042F9301200F0B7
:1048200033F90649C989C91C88B200F039F9F0B2D8
:1048300000F02AF900F040F970BD0000BC0000242F
:104840002DE9FF4F83B081468A469346DDE9106427
:10485000424800880290A6F12000C6B204EBD47052
:1048600009EB6000401E82B20AEB0400401E83B2D6
:10487000514648460194FFF795FF129860BB00250A
:1048800027E00C2C07D106EB4600354901EB8000F0
:1048900010F8058004E0334800EB061010F805809E
:1048A00000270FE008F0800018B1584600F0B4F976
:1048B00002E0069800F0B0F94FEA48604FEA10684D
:1048C000781CC7B204EBD471B7EB610FEADB681C4C
:1048D000C5B2A542D5DB2FE000252BE00C2C07D17B
:1048E00006EB46001E4901EB800010F8058004E04D
:1048F0001C4800EB061010F80580002713E017484D
:10490000A0F800B008F0800038B10AEB050291B2BF
:1049100009EB070290B2FEF7D5FA4FEA48604FEA7A
:104920001068781CC7B204EBD471B7EB610FE6DBFB
:10493000681CC5B2A542D1DB0849029808800A4824
:104940004088401E83B208480088401E82B2002181
:104950000846FFF727FF07B0BDE8F08F34000024BA
:1049600074700008E8740008BC0000242DE9FF4FB3
:1049700083B0074691461E46109C4FF0000A002562
:1049800043E0701B401EC1B20A2002F04BFBB9FB92
:10499000F0F00A21B0FBF1F201FB1208BAF1000FAE
:1049A0001BD1701EA84218DDB8F1000F13D10020F2
:1049B0002021A346CDE90014029004EBDB714910DD
:1049C00001FB057188B213490B8813490A880499C1
:1049D000FFF736FF17E04FF0010A002108F1300021
:1049E000C0B2A346CDE90141009004EBDB71491050
:1049F00001FB057188B207490B8807490A880499A9
:104A0000FFF71EFF00BF681CC5B2B542B9DB07B097
:104A1000BDE8F08F36000024340000242DE9FE4369
:104A200006460F4615461C46DDF828801DE0134853
:104A30000088401EB04204DB10484088401EB84247
:104A400001DABDE8FE8320788DE821010C48038857
:104A50000C48028839463046FFF7F2FE284605EB3F
:104A6000D07106EB61018EB2641C20787E2802DCD6
:104A700020782028DBDA00BFE3E70000BC00002438
:104A8000360000243400002401B5BDF80000009079
:104A9000BDF800000149088008BD00000000086062
:104AA00001B5BDF800000090BDF800000149088084
:104AB00008BD0000FEFF076000B502490889FFF746
:104AC000EFFF00BDBC000024024A1080921C118040
:104AD00070470000FEFF076000B503464FF4285002
:104AE000244988814FF42C50C8814FF430500881FC
:104AF0004FF43850488133B1012B11D0022B1CD018
:104B0000032B34D126E04FF4F0701A4908804FF49B
:104B10004870488000214FF45850FFF7D5FF27E038
:104B20004FF44870134908804FF4F07048806021BA
:104B30004FF45850FFF7C8FF1AE04FF4F0700D49DA
:104B400008804FF448704880C0214FF45850FFF758
:104B5000BBFF0DE04FF44870064908804FF4F07039
:104B60004880A0214FF45850FFF7AEFF00E000BF8F
:104B700000BF00BDBC00002408B5034800880090B9
:104B8000BDF8000008BD00000000086000B587B057
:104B900000BF1248006840F0020010490860084653
:104BA000006800F00200019000BF00BF03200290E7
:104BB0000120039004900320059002A90848FCF707
:104BC00037FD012211460648FCF764FE012202214E
:104BD0000348FCF75FFE07B000BD0000E044025848
:104BE0000004025870B5FFF751FD0446012002F0A1
:104BF00011F9FFF74BFD0446012002F00BF9FFF716
:104C000045FD05462E12E5B22412324629462046BD
:104C1000FBF772FF70BD000001490880704700007B
:104C200000000860704770470EB523A0FBF772FFC5
:104C3000264828231A461E2100900846FCF79AFCB5
:104C40000120102122A24FF6E073CDE9002102904D
:104C50001F224B212A2000F099F91C4828231A46CC
:104C60001E2100905A20FCF785FC0120102118A27B
:104C70004FF6E073CDE9002102901F224B21662000
:104C800000F084F9114828231A461E21009096202E
:104C9000FCF770FC012010210DA24FF6E073CDE966
:104CA000002102901F224B21A22000F06FF94FF447
:104CB000966002F0A3F80EBDB2E2CAD4383ACDBC79
:104CC000C6ACCFD4CABEB2E2CAD40000C8880008BD
:104CD0005151000010B588B000241D4B0FCBCDE919
:104CE0000623CDE9040100BF2AE04FF6FF70FEF76E
:104CF0005FF82046FFF7F0FE16A0FBF70BFF01213F
:104D0000102204A850F824004FF6E073CDE90121E9
:104D100000901F221E21142000F038F91248282389
:104D20001A46322100901E20FCF724FC4FF47A70C2
:104D300002F064F84FF47A7002F060F8601CC4B2BC
:104D4000042CD2DB0020FFF7C7FE08B010BD000026
:104D500048950008B2E2CAD431303AC6C1C4BBD0CB
:104D6000FDD7AAB2E2CAD400C888000810B5002353
:104D7000234C236000BF00BF00BFBFF34F8F00BFB5
:104D800000BF00BF231F1868C0F34E3100BFC0F33F
:104D9000C90200BF43F6E07303EA41134FF04044F9
:104DA00004EA82742343174C236000BF00BF131E24
:104DB000A2F10102EED10B1EA1F10101E7D100BF6A
:104DC00000BF00BFBFF34F8F00BF00BF00BF0C4B41
:104DD000703B1B6843F48033094C703C236000BF78
:104DE00000BF00BFBFF34F8F00BF00BF00BF00BFB9
:104DF00000BF00BFBFF36F8F00BF00BF00BF10BD7B
:104E000084ED00E060EF00E000BF00BF00BFBFF333
:104E10004F8F00BF00BF00BF00BF00BF00BFBFF388
:104E20006F8F00BF00BF00BF00201449086000BFA3
:104E300000BF00BFBFF34F8F00BF00BF00BF00BF68
:104E400000BF00BFBFF36F8F00BF00BF00BF0C48A3
:104E5000006840F400300A49086000BF00BF00BF8E
:104E6000BFF34F8F00BF00BF00BF00BF00BF00BF38
:104E7000BFF36F8F00BF00BF00BF704750EF00E06F
:104E800014ED00E000B587B016481749086000200F
:104E900048600121144881600821C160102101612E
:104EA00040214161890081610021C1614FF40061AD
:104EB00001624900416200218162022000900820C5
:104EC0000190062002900390022004900590069025
:104ED00069460548FDF78CFB034800F007F807B06A
:104EE00000BD000040410052CC00002470B50546D2
:104EF0000024002301221146184600F021F84FF447
:104F0000FA7001F087FF002301220221184600F009
:104F100017F8002308220321184600F011F84FF477
:104F20000874234601220421002000F009F840F211
:104F3000A5210248FDF722FC70BD0000CC00002432
:104F40002DE9FF4104460D4616461F464FF0000866
:104F500014B94FF0100803E0012C01D14FF00808FC
:104F60000095CDF80480029603974FF6FF726946CC
:104F70000448FDF717FC18B9002004B0BDE8F08123
:104F80000120FAE7CC000024704700002DE9FF4F14
:104F900083B0064688469146DDE91147109DB2462A
:104FA0004FF0000B71E0BBF1000F40D104EBD47166
:104FB000384A1288A2EB6101B14204DB35494988C5
:104FC000091B414502DA07B0BDE8F08F2878802838
:104FD00002DD4FF0010B58E028780D2806D108EBD0
:104FE00004001FFA80F856466D1C1EE0102C0DDDE3
:104FF000102128788DE883004A4641463046069BBA
:10500000FFF71EFC06F1080086B20EE028788DE856
:1050100091004A4641463046069BFFF711FC204668
:1050200004EBD07106EB61018EB26D1C2DE01948C6
:105030000088001BB04204DB16484088001B404536
:1050400000DAC0E74FF0000B202C08D1CDE9005763
:105050004A4641463046069BFCF7FCF912E0182C04
:1050600008D1CDE900574A4641463046069BFCF739
:1050700065F907E0CDE900574A4641463046069BB0
:10508000FCF7D8F8AD1C301986B2287800288AD1F0
:1050900000BF98E7BC0000242DE9F0419CB0804699
:1050A0000C4615461E4600273748006820F00400CD
:1050B0003549086000BF0020009033480C3000687C
:1050C00040F4404030490C3108600846006800F464
:1050D0004040009000BF00BF00BF2B480C3000686C
:1050E00000F40050B0F5005FF7D1012001900004FA
:1050F000029000200490089002200A9002210B9157
:10510000CDF834800C940E950F9600211291082151
:10511000119101A8FCF70AFF07460FB100BFFEE797
:105120003F2014900320159000201690082017901F
:105130004020199000011A904020189050201B9098
:10514000022114A8FCF7A8FC07460FB100BFFEE738
:105150000E48006840F080000C49086000BF0B4812
:10516000F430006840F002000849F4310860084655
:10517000006800F00200009000BF00BFFCF74EFA8C
:105180001CB0BDE8F08100000C48025800440258F1
:1051900010B5FCF78BFB10BD2048006840F4700090
:1051A0001E4908601E48006840F001001C49086064
:1051B00000201B491031086019480068194908404F
:1051C000174908600020164918310860091D086059
:1051D000091D0860124928310860091D0860091D71
:1051E0000860091D0860091D0860091D0860091D87
:1051F0000860091D08600A48006820F480200849FA
:1052000008600020064960310860012006490860F6
:10521000C0060249803908607047000088ED00E050
:10522000004402587FEDF6EA088100512DE9F84F5D
:1052300004460D4617461E46DDE90CABDDE90A893A
:105240004FF4784049490880012049A310228C215D
:1052500000902820FFF7E2FB012046A310228C21BA
:1052600000907820FFF7DAFB012043A31022A02151
:1052700000902820FFF7D2FB012040A31022A0219C
:1052800000907820FFF7CAFB01203DA31022B42133
:1052900000902820FFF7C2FB01203AA31022B4217E
:1052A00000907820FFF7BAFB012037A31022C82115
:1052B00000902820FFF7B2FB012034A31022C82160
:1052C00000907820FFF7AAFB012031A31022DC21F7
:1052D00000902820FFF7A2FB1020042322468C21F7
:1052E00000904020FFF742FB102004232A468C2127
:1052F00000909020FFF73AFB102004233A46A021AB
:1053000000904020FFF732FB102004233246A021FA
:1053100000909020FFF72AFB102004234246B4217E
:1053200000904020FFF722FB102004234A46B421BE
:1053300000909020FFF71AFB102004235246C8214A
:1053400000904020FFF712FB102004235A46C8218A
:1053500000909020FFF70AFB102003230090DC212F
:1053600060200E9AFFF702FBBDE8F88F340000249E
:1053700078313A0079313A0078323A0079323A009D
:1053800078333A0079333A0078343A0079343A0085
:105390006661632069733A002DE9F0432DED028BBD
:1053A00089B04FF00008C14600BF1F20F7490880B0
:1053B0004FF6FF70F6490880FDF7FAFC4FF478408D
:1053C000F24908804FF6FF70FDF7F2FC0020EF492C
:1053D00008800120EFA31022282100900A20FFF767
:1053E0001DFB0120F2A31022382100900A20FFF7B4
:1053F00015FB0120F5A31022482100900A20FFF799
:105400000DFB0120F8A31022582100900A20FFF77D
:1054100005FB0120FBA31022682100900A20FFF762
:10542000FDFA4FF478421421084600F0CDFB00202D
:10543000F84908759FEDF80A084680ED060A81E3F1
:10544000F448416801208847F248007D00F0C00020
:1054500040286FD14FF00009EE48007D20F0400059
:10546000EC4908750846008A05A921F82800E94892
:10547000408A01EB8801488008F1010000F0FF0834
:10548000B8F1010F09D0B8F1020F16D0B8F1030F2F
:1054900026D0B8F1040F0FD138E04FF6FF72142177
:1054A000084600F091FBDD490988143988B24FF4B1
:1054B0007842142100F088FB35E3D8490988143973
:1054C00088B24FF6FF72142100F07EFBD34840886B
:1054D000143881B24FF47842142000F075FB22E3B7
:1054E000CE484088143881B24FF6FF72142000F085
:1054F0006BFBCA4A5288143A91B2C84A1288143ACD
:1055000090B24FF4784200F05FFB0CE3BDF814104A
:10551000BDF81820881A002801DB014600E041424E
:105520000C46BDF81620BDF81A10501A002802DBF0
:10553000014601E0F8E241420D4664436D436019C3
:1055400001EE100AB8EE411BB0EE410B01F0CAFBB0
:10555000BCEEC00B10EE100A86B2BDF81C10BDF8F0
:105560002020881A002801DB014600E041420C4659
:10557000BDF81E20BDF82210501A002801DB01469C
:1055800000E041420D4664436D43601901EE100A8C
:10559000B8EE411BB0EE410B01F0A4FBBCEEC00B1A
:1055A00010EE100A87B200EE106AF8EE400A00EE24
:1055B000107AB8EE400A80EE801AB7EEC10AB0EE5B
:1055C000408B9FED970BB4EEC08BF1EE10FA08D331
:1055D0009FED950BB4EEC08BF1EE10FA01DC06B135
:1055E000A7BB4FF000088D4A5288143A91B28B4AFB
:1055F0001288143A90B24FF6FF7200F0E5FA4FF4B9
:1056000078421421084600F0DFFA9FED890B28EE5E
:10561000000BBCEEC00B10EE100A81B2BDF82220C8
:10562000BDF82000BDF81E30CDE90130CDE90321E1
:10563000BDF81C000090BDF81A30BDF81820BDF868
:105640001610BDF81400FFF7F1FD7BE2FFE7BDF88F
:105650001410BDF81C20881A002801DB014600E068
:1056600041420C46BDF81620BDF81E10501A002805
:1056700001DB014600E041420D4664436D43601981
:1056800001EE100AB8EE411BB0EE410B01F02AFB0F
:10569000BCEEC00B10EE100A86B2BDF81810BDF8B3
:1056A0002020881A002801DB014600E041420C4618
:1056B000BDF81A20BDF82210501A002801DB01465F
:1056C00000E041420D4664436D43601901EE100A4B
:1056D000B8EE411BB0EE410B01F004FBBCEEC00B79
:1056E00010EE100A87B200EE106AF8EE400A00EEE3
:1056F000107AB8EE400A80EE801AB7EEC10AB0EE1A
:10570000408B9FED470BB4EEC08BF1EE10FA06D341
:105710009FED450BB4EEC08BF1EE10FA34DD4FF087
:1057200000083E4A5288143A91B23C4A1288143A10
:1057300090B24FF6FF7200F047FA4FF4784214210E
:10574000084600F041FA9FED3A0B28EE000BBCEE44
:10575000C00B10EE100A80B2BDF82210BDF8202058
:10576000BDF81E30CDE90132CDE90310BDF81C00B3
:105770000090BDF81A30BDF81820BDF81610BDF81D
:105780001400FFF753FDDDE156E000003400002473
:1057900036000024506C6561736520757365207454
:1057A0006865207374796C757320636C69636B0032
:1057B0007468652063726F7373206F6E2074686500
:1057C0002073637265656E2E0000000054686520CA
:1057D00063726F73732077696C6C20616C77617989
:1057E00073206D6F76650000756E74696C20746847
:1057F000652073637265656E2061646A7573746D8C
:10580000656E7400697320636F6D706C6574656498
:105810002E0000003C00002400000000BC0000241A
:10582000666666666666EE3FCDCCCCCCCCCCF03FEF
:105830000000000000005940BDF81810BDF81C2001
:10584000881A002801DB014600E041420C46BDF801
:105850001A20BDF81E10501A002801DB014600E096
:1058600041420D4664436D43601901EE100AB8EEE3
:10587000411BB0EE410B01F035FABCEEC00B10EE4F
:10588000100A86B2BDF81410BDF82020881A00282E
:1058900001DB014600E041420C46BDF81620BDF890
:1058A0002210501A002801DB014600E041420D465B
:1058B00064436D43601901EE100AB8EE411BB0EE6F
:1058C000410B01F00FFABCEEC00B10EE100A87B2CC
:1058D00000EE106AF8EE400A00EE107AB8EE400AC8
:1058E00080EE801AB7EEC10AB0EE408B1FED340B8C
:1058F000B4EEC08BF1EE10FA06D31FED350BB4EE0B
:10590000C08BF1EE10FA34DD4FF000088F4A528858
:10591000143A91B28D4A1288143A90B24FF6FF723F
:1059200000F052F94FF478421421084600F04CF987
:105930001FED410B28EE000BBCEEC00B10EE100A61
:1059400082B2BDF82210BDF82000BDF81E30CDE9AE
:105950000130CDE90312BDF81C000090BDF81A30EB
:10596000BDF81820BDF81610BDF81400FFF75EFC56
:10597000E8E0BDF81800BDF81410401A00EE100A57
:10598000F8EEC00A71480088283800EE100AB8EE18
:10599000C00A80EE201A6E4880ED061ABDF8180085
:1059A000BDF81410084400EE100AF8EEC00A67486B
:1059B000008800EE100AB8EE400A654890ED061A1D
:1059C00001EE600AF0EE000A80EE201ABDEEC10A78
:1059D00010EE100A00B25E490884BDF81E00BDF842
:1059E0001610401A00EE100AF8EEC00A5748408818
:1059F000283800EE100AB8EEC00A80EE201A54488B
:105A000080ED071ABDF81E00BDF81610084400EE20
:105A1000100AF8EEC00A4D48408800EE100AB8EEB1
:105A2000400A4B4890ED071A01EE600AF0EE000ABA
:105A300080EE201ABDEEC10A10EE100A00B24449F1
:105A400048840A4692ED060ABDEEC00A10EE101A0E
:105A5000002901DB0A4600E04A42022A0DDC3C4AEA
:105A600092ED070ABDEEC00A10EE100A002801DB15
:105A7000024600E04242022A37DD4FF00008334A76
:105A80005288143A91B2314A1288143A90B24FF6C1
:105A9000FF7200F099F84FF478421421084600F0A4
:105AA00093F801202BA310221A2100902820FEF742
:105AB000B5FF274890F8240008B9012000E0002035
:105AC000234981F82400084690F8240030B1902042
:105AD00025490870D0202549087005E0D0202249CA
:105AE00008709020214908702CE01F202049088070
:105AF0004FF6FF70FDF75CF901201EA310226E2106
:105B000000902320FEF78AFF4FF47A7001F076F9B7
:105B100000F06AFA4FF6FF70FDF74AF909B0BDECE4
:105B2000028BBDE8F08300BF0A2001F067F909F19C
:105B300001001FFA80F9B9F57A7F02DD00F080F8E4
:105B400001E000BF7CE400BF00BFE7E7BC00002429
:105B50003C0000245450204E6565642072656164E9
:105B60006A7573742100000064000024650000243D
:105B700034000024546F7563682053637265656E4A
:105B80002041646A757374204F4B210070B5044640
:105B90000D4616460B48068029462046FDF792F929
:105BA000611C88B22946FDF78DF9681C81B2204638
:105BB000FDF788F96A1C91B2621C90B2FDF782F978
:105BC00070BD000034000024F8B504460D461646AA
:105BD0001A48068004F10D018AB2193988B22B46A1
:105BE0002946FDF717F905F10D0083B2193881B286
:105BF00022462046FDF70EF96A1C91B2621C90B253
:105C0000FDF760F96A1C91B2621E90B2FDF75AF975
:105C10006A1E91B2621C90B2FDF754F96A1E91B2ED
:105C2000621E90B2FDF74EF9002006230090034853
:105C300002882946204601F011F9F8BD34000024FD
:105C400010B53520FAF764FE04460A2C46D104212B
:105C50002820FAF747FE044600EE104AB8EEC00AC4
:105C6000DFED1F0A80EE201A1E4880ED061A04217F
:105C70002C20FAF737FE044600EE104AB8EEC00AB0
:105C8000DFED170A80EE201A164880ED071A022170
:105C90003020FAF727FE00B2124908840221322090
:105CA000FAF720FE00B20F4948843420FAF730FE9C
:105CB0000C4981F82400084690F8240030B1902067
:105CC00009490870D0200949087005E0D02006492C
:105CD0000870902005490870012010BD0020FCE7E5
:105CE00020BCBE4C3C00002464000024650000245D
:105CF00000B587B000BF2F48006840F080002D49F4
:105D000008600846006800F08000019000BF00BFF6
:105D100000BF0846006840F48070086008460068CC
:105D200000F48070019000BF00BF00BF084600680B
:105D300040F0400008600846006800F04000019014
:105D400000BF00BF40200290012003900490032078
:105D5000059002A91848FBF76BFC4FF48470029081
:105D600002A91648FBF764FC8020029000200390F3
:105D700002A91148FBF75CFC0820029002A9104818
:105D8000FBF756FC0F49881E00F0B6F8FAF7A6FD9F
:105D9000FFF756FF10B1002007B000BD4FF6FF70AF
:105DA000FDF706F8FFF7F8FA00F01EF9FFF748FFD5
:105DB0000120F1E7E0440258001C0258002002587C
:105DC000001802584E00002470B506460025002435
:105DD000002240212748FBF75DFD002208212648CC
:105DE000FBF758FD00224FF480712348FBF752FD6A
:105DF000304600F0AFF9062001F00CF800224021F7
:105E00001C48FBF747FD012001F004F80122402166
:105E10001848FBF73FFD012000F0FCFF0022402165
:105E20001448FBF737FD00BF19E04FF6FF7000EA9A
:105E30004404002240210F48FBF72CFD012000F014
:105E4000E9FF012240210B48FBF724FD08210B4804
:105E5000FBF714FD08B1601C84B2681CC5B2102D9C
:105E6000E3DB2411012211020348FBF713FD204656
:105E700070BD0000001C0258002002580018025893
:105E80002DE9FE4380460027002406E04046FFF748
:105E90009BFF2DF81400601C84B2052CF6DB002457
:105EA00016E0601C85B20FE03DF814003DF81510B7
:105EB000884207DD3DF814603DF815002DF8140008
:105EC0002DF81560681C85B2052DEDDB601C84B2D1
:105ED000042CE6DB0027012405E03DF814003844DB
:105EE00087B2601C84B2042CF7DB032097FBF0F030
:105EF00086B23046BDE8FE832DE9F04104460D46EA
:105F000007480078FFF7BCFF064606480078FFF711
:105F1000B7FF074626802F800120BDE8F0810000F2
:105F200064000024650000247FB504460D4602A9E4
:105F300003A8FFF7E1FF064616B9002004B070BDC4
:105F4000694601A8FFF7D8FF06460EB90020F5E71D
:105F5000BDF80400BDF80C10884206DCBDF80C103A
:105F6000BDF80400323081420CDBBDF80C00BDF8F6
:105F70000410884236DCBDF80410BDF80C00323045
:105F800081422FDABDF80000BDF80810884206DC17
:105F9000BDF80810BDF80000323081420CDBBDF8BE
:105FA0000800BDF8001088421CDCBDF80010BDF8E8
:105FB00008003230814215DABDF80C10BDF804201B
:105FC000881800EBD071C1F34F012180BDF8081093
:105FD000BDF80020881800EBD071C1F34F01298073
:105FE0000120ABE70020A9E710B51D4890ED060A97
:105FF000DFED1C0A20EE200ABDEEC00A10EE104AAA
:10600000042221462820FAF7AFFC154890ED070A34
:10601000DFED140A20EE200ABDEEC00A10EE104A91
:10602000042221462C20FAF79FFC0D48B0F92010DD
:1060300002223020FAF798FC0948B0F92210022217
:106040003220FAF791FC064890F824103420FAF731
:10605000A0FC0A2421463520FAF79BFC10BD000065
:106060003C00002420BCBE4C10B5044680213748BB
:10607000FBF704FC00284BD124B13549881EFFF7FB
:1060800053FF34E03249881EFFF74EFF78B33048A3
:106090001238B0F9200000EE100AB8EEC00A2C4801
:1060A000123890ED061A008A00EE900AF8EE600AA7
:1060B00001EE200ABCEEC00A10EE100A2449123983
:1060C00008820846B0F9220000EE100AB8EEC00AB5
:1060D000084690ED071A408A00EE900AF8EE600A32
:1060E00001EE200ABCEEC00A10EE100A48821848E1
:1060F0001238007D00F0800010BBC0201449123916
:1061000008750846008A88810846408AC88117E0D9
:106110000F481238007D00F0800040B10C48123862
:10612000007D20F080000A491239087508E000203F
:10613000074912398881C8814FF6FF70088248826A
:1061400003481238007D00F0800010BD001C02588A
:106150004E00002470B50446002500BF1EE004F088
:10616000800028B1012208210E48FBF793FB04E0D0
:10617000002208210B48FBF78DFB6006040E00226D
:1061800040210948FBF786FB012000F043FE012275
:1061900040210548FBF77EFB681CC5B2082DDEDBFD
:1061A00070BD000000200258001C0258F8B5002401
:1061B00029A0FAF7AFFC00BF1FE000202C4B009095
:1061C0005D8805EBD5735B10463BC4EBC40707EB5A
:1061D0008707D919264B1E8806EBD6735B10463B02
:1061E000C4EBC40707EB8707D819224B33F81420F8
:1061F000322300F033FE601CC4B2052CDDDB40F21C
:10620000DC5000F0FBFD00241FE00120184B009043
:106210005D8805EBD5735B10463BC4EBC40707EB09
:106220008707D919124B1E8806EBD6735B10463BC5
:10623000C4EBC40707EB8707D8190E4B33F81420BB
:10624000322300F00BFE601CC4B2052CDDDB40F2F3
:10625000DC5000F0D3FDF8BDB2E2CAD4343A475561
:1062600049BBADD4B2CCEEB3E4B2E2CAD400000074
:10627000BC000024000000240EB54FF6FF70009013
:106280003E484088401E83B23C480088401E82B28F
:1062900000210846FCF756FE0120102138A24FF6D7
:1062A000E073CDE9002102901F221E211420FEF789
:1062B0006DFE4FF4487000F0A1FD4FF4784000905F
:1062C0002E484088401E83B22C480088401E82B26F
:1062D00000210846FCF736FE012010212AA24FF6C5
:1062E000E073CDE9002102901F221E211420FEF749
:1062F0004DFE4FF4487000F081FD4FF4FC600090BB
:106300001E484088401E83B21C480088401E82B24E
:1063100000210846FCF716FE012010211CA24FF6B2
:10632000E073CDE9002102901F221E211420FEF708
:106330002DFE4FF4487000F061FD1F2000900F48C3
:106340004088401E83B20D480088401E82B2002162
:106350000846FCF7F7FD012010210FA24FF6E0736D
:10636000CDE9002102904FF478421E211420FEF75F
:106370000DFE4FF4487000F041FD0EBDBC0000243E
:10638000424C2054657374005245442000000000C4
:10639000475245454E200000424C55452000000024
:1063A00038B55FA0FAF7B6FB1F2062490880624843
:1063B000FAF732F9012061A31022322100900F2058
:1063C000FEF72CFB012063A31022462100900F2032
:1063D000FEF724FB012065A310225A2100900F2014
:1063E000FEF71CFB012067A310226E2100900F20F6
:1063F000FEF714FB012069A31022822100900F20D8
:10640000FEF70CFB01206BA31022962100900F20B9
:10641000FEF704FB01206CA31022AA2100900F209C
:10642000FEF7FCFA4FF4784042490880002473E0FC
:10643000F9F78CFF42F2107190FBF1F201FB1205AB
:10644000102005232A46322100906420FEF78EFAA0
:10645000F9F77CFF42F2107190FBF1F201FB12059B
:10646000102005232A46462100906420FEF77EFA7C
:10647000F9F76CFF42F2107190FBF1F201FB12058B
:10648000102005232A465A2100906420FEF76EFA58
:10649000F9F75CFF42F2107190FBF1F201FB12057B
:1064A000102005232A466E2100906420FEF75EFA34
:1064B000F9F74CFF42F2107190FBF1F201FB12056B
:1064C000102005232A46822100906420FEF74EFA10
:1064D000F9F73CFF322190FBF1F201FB120510208D
:1064E00005232A46962100906420FEF73FFAF9F72B
:1064F0002DFF642190FBF1F201FB12051020052312
:106500002A46AA2100906420FEF730FA4FF4FA7070
:1065100000F074FC601CC4B20F2C89DB38BD000095
:10652000B2E2CAD4393AB6AFCCACCAFDD7D6CFD4D2
:10653000CABE00003400002440E201002048434865
:106540004F3A202020202020202020202075672F57
:106550006D3300002020434F323A2020202020209D
:10656000202020202070706D000000002054564F25
:10657000433A202020202020202020202075672F33
:106580006D330000504D322E353A2020202020203F
:10659000202020202075672F6D33000020504D31C2
:1065A000303A202020202020202020202075672F16
:1065B0006D33000020205445503A20202020202018
:1065C0002020202020430000202048554D3A202044
:1065D0002020202020202020202500002DE9F04729
:1065E000002457A0FAF796FA00BF4CE05A4830F85A
:1065F00014005A490880DFF868C1BCF8025005EB66
:10660000D57C4FEA6C0CACF16E0CC4EB04190CEBAE
:10661000490C0CF1640C1FFA8CF3DFF844C1BCF890
:10662000006006EBD67C4FEA6C0CACF16E0CC4EB50
:1066300004190CEB490C0CF1640C1FFA8CF2DFF816
:1066400020C1BCF8027007EBD77C4FEA6C0CACF1B0
:106650006E0CC4EB04190CEB490C1FFA8CF1DFF83B
:1066600000C1BCF8008008EBD87C4FEA6C0CACF1A0
:106670006E0CC4EB04190CEB490C1FFA8CF0FCF700
:106680002FFC601CC4B2052CB0DB40F2DC5000F0E3
:10669000B5FB00244CE0304830F814002F49088046
:1066A000DFF8BCC0BCF8027007EBD77C4FEA6C0C7B
:1066B000ACF16E0CC4EB04190CEB490C0CF1640C3E
:1066C0001FFA8CF3DFF898C0BCF8005005EBD57CBE
:1066D0004FEA6C0CACF16E0CC4EB04190CEB490CDA
:1066E0000CF1640C1FFA8CF2DFF874C0BCF8028065
:1066F00008EBD87C4FEA6C0CACF16E0CC4EB0419BF
:106700000CEB490C1FFA8CF1DFF854C0BCF80060A8
:1067100006EBD67C4FEA6C0CACF16E0CC4EB0419A2
:106720000CEB490C1FFA8CF0FCF762FB601CC4B246
:10673000052CB0DB40F2DC5000F060FBBDE8F087D8
:10674000B2E2CAD4333A475549BED8D0CECCEEB324
:10675000E4B2E2CAD40000000000002434000024A7
:10676000BC00002470B590B000200D900E900F90EA
:10677000242104A8F9F7B1FF34A0FAF7CBF9FDF70B
:10678000BFFF0646324637A10DA8F9F719FE0120D2
:1067900010210DAA4FF6E073CDE9002102901F22CF
:1067A00019213220FEF7F2FB002446E02F4830F892
:1067B00014002F49088004EBC40000EB041000F122
:1067C000410304EBC40000EB04102D3081B23222EF
:1067D0001E20FCF70DFB04EBC40000EB041000F1DD
:1067E00037012820FDF756FF054621480088A842BA
:1067F00004D120A10DA8F9F72DFF03E01EA10DA8DB
:10680000F9F728FF0DAB2A461DA104A8F9F7D8FD1A
:106810000120102104AACDE90021029004EBC4005C
:1068200000EB04102F3081B24FF6E073104802885D
:106830003C20FEF7ABFB601CC4B2072CB6DB40F279
:10684000DC5000F0DBFA10B070BD0000B2E2CAD438
:10685000323AB6C14944BACDD1D5C9ABD6B5B2E208
:10686000CAD4000049443A30782578000A00002450
:10687000340000244F4B00004552524F520000009C
:106880007265616420636F6C6F723A3078253034C2
:106890005820202020202025730000002DE9FC5FD7
:1068A00000246BA0FAF736F900BF60E06F4830F8BB
:1068B00014006F4908806F48458805EBD57040107B
:1068C0001138C4EB041100EB410081B2694806881D
:1068D00006EBD67040100B38C4EB041200EB4200FC
:1068E00080B2DFF890C1CDE90001BCF8027007EB7F
:1068F000D77C4FEA6C0CACF1670CC4EB041B0CEBBF
:106900004B0C1FFA8CF3DFF86CC1BCF8008008EB6D
:10691000D87C4FEA6C0CACF13D0CC4EB041B0CEBC7
:106920004B0C1FFA8CF2DFF84CC1BCF8029009EB5B
:10693000D97C4FEA6C0CACF1110CC4EB041B0CEBD2
:106940004B0C1FFA8CF1DFF82CC1BCF800A00AEB4D
:10695000DA7C4FEA6C0CACF16E0CC4EB041B0CEB54
:106960004B0C1FFA8CF0FAF731F9601CC4B2052CFD
:106970009CDB40F2DC5000F041FA002460E03B4830
:1069800030F814003A4908803A48458805EBD5703C
:1069900040101138C4EB041100EB410081B23548BE
:1069A000068806EBD67040100B38C4EB041200EBDF
:1069B000420080B2DFF8BCC0CDE90001BCF8027033
:1069C00007EBD77C4FEA6C0CACF1670CC4EB041BF3
:1069D0000CEB4B0C1FFA8CF3DFF898C0BCF800806E
:1069E00008EBD87C4FEA6C0CACF13D0CC4EB041BFB
:1069F0000CEB4B0C1FFA8CF2DFF878C0BCF802905D
:106A000009EBD97C4FEA6C0CACF1110CC4EB041B04
:106A10000CEB4B0C1FFA8CF1DFF858C0BCF800A04F
:106A20000AEBDA7C4FEA6C0CACF16E0CC4EB041B85
:106A30000CEB4B0C1FFA8CF0FAF7F4FA601CC4B2A2
:106A4000052C9CDB40F2DC5000F0D8F9BDE8FC9F3F
:106A5000B2E2CAD4353A47554920547269616E672B
:106A60006C65CCEEB3E4B2E2CAD4000000000024AE
:106A700034000024BC00002408B5002500264FF493
:106A80007847FFF735F9FCF7D7F8FEF77FF86EA0E7
:106A9000FAF740F80120754900900988183988B242
:106AA00073A310220021FDF7B9FF38467149088011
:106AB0006E49009009881C398AB26C4909883239BC
:106AC00088B212230221FCF73DFABBE00120FCF75B
:106AD00007F9044668484168002088476648007DF9
:106AE00000F08000002879D06348008A5F49098857
:106AF000884276DA6048408A5C494988884270DA80
:106B00005D48018A594800881838814222DD5A4878
:106B1000408A10281EDA59A0F9F7FCFF01205349DA
:106B200000900988183988B251A310220021FDF77E
:106B300075FF5048078000884C49009009881C392F
:106B40008AB24A490988323988B212230221FCF7F5
:106B5000F9F946E04848018A4448008832388142C1
:106B600034DD4548018A414800881C3881422DDACD
:106B70004148408A142829DA052096FBF0F100FBF1
:106B80001160474931F810803849CDF800800988F4
:106B90001C398AB235490988323988B21223022158
:106BA000FCF7D0F93046711C8EB2052190FBF1F252
:106BB00001FB12003A4931F810002E4908800846BE
:106BC00007880A2000F01AF90BE007E02A4A518AE8
:106BD000108A284A1288FEF7D9FF02E00A2000F046
:106BE0000DF9012C25D14FF6FF70FCF7E1F8FEF707
:106BF000D3FBFFF7F9F914A0F9F78CFF01201B492B
:106C000000900988183988B219A310220021FDF7D5
:106C100005FF1848078000881449009009881C392E
:106C20008AB212490988323988B212230221FCF74C
:106C300089F9681C85B21E2D04D10025022119484E
:106C4000FAF724FE42E70000B2E2CAD431313A54E6
:106C50006F756368B2E2CAD428B0B44B455930BCF2
:106C6000FCD0A3D7BC29202020000000BC000024B9
:106C700052535400340000243C000024B2E2CAD431
:106C800031303A546F756368B2E2CAD428B0B44B5D
:106C9000455930BCFCD0A3D7BC29202020000000DF
:106CA000000000240004025800BFFEE7024800680C
:106CB000C0F30220704700000CED00E010B5002882
:106CC00004DB0A07130E054A135406E00A07140EE4
:106CD000034A00F00F031B1FD45410BD00E400E072
:106CE00018ED00E000B52DED028BB1EEC08B83B046
:106CF00018EE100A18EE901A8DED008B002818BFC0
:106D00000120084320F00040C0F17F6000F1E04026
:106D1000C00F14D010EE101A10EE900A8DED000B7B
:106D2000002918BF0121084320F00040C0F17F6016
:106D300000F1E040C00F04BF0120F9F7FDFCB0EE08
:106D4000480B03B0BDEC028B00BD2DE9F0410446B9
:106D50000D4616461F46DDF81880EA1991B2A219B1
:106D600090B24246FAF7FAFBEA1991B2A21B90B22E
:106D70004246FAF7F3FBEA1B91B2A21990B24246DF
:106D8000FAF7ECFBEA1B91B2A21B90B24246FAF76B
:106D9000E5FBAA1991B2E21990B24246FAF7DEFB7E
:106DA000AA1991B2E21B90B24246FAF7D7FBAA1B8E
:106DB00091B2E21990B24246FAF7D0FBAA1B91B207
:106DC000E21B90B24246FAF7C9FBBDE8F0813038C9
:106DD0000A2801D2012070470020704702880B88E2
:106DE00003800A807047000010B504460420FBF7BA
:106DF00077FD0148046010BD3000002430B5044622
:106E0000002504E04FF47A7000F004F86D1CA542F0
:106E1000F8D330BD70B5034600224FF0E026756907
:106E20000D4E366803FB06F44FF0E026B16910E022
:106E30004FF0E026B06988420BD0884202D20E1A89
:106E4000324402E02E1A0E4432440146A24200D3DC
:106E500000E0EDE700BF70BD300000242DE9FF4FDA
:106E600081B0824617469846DDF838B00024454682
:106E70004FEA4800C0F10306BBF1000F1FD01BE032
:106E8000A14608E04B462246009750460299FFF77C
:106E90005CFF09F10109A945F4DD002E04DA0420A4
:106EA00000FB0460861D06E0601B042101FB0060FE
:106EB00000F10A066D1E641CAC42E1DD18E015E02D
:106EC0002B462246009750460299FFF73EFF002EC0
:106ED00004DA042000FB0460861D06E0601B042128
:106EE00001FB006000F10A066D1E641CAC42E7DD88
:106EF00005B0BDE8F08FF9F777FDFAF7E3FC04235E
:106F000002220521A020FEF7C7F84FF4C870FFF752
:106F10006BFFFDF7B7FFFCF7AFF817E000F018F8CC
:106F2000FFF720FCFFF7A8F9FFF758FBFFF73EF942
:106F3000FFF7B4FCF9F766FEF9F764FDFDF774FEA0
:106F4000FFF72EFAFDF7C6FEFFF796FDE6E7000015
:106F50000EB51EA0F9F7DEFD0120102121A21F238E
:106F6000CDE900210290DA021E210020FAF736FB5B
:106F70000120102117A21F23CDE900210290DA027F
:106F80003C210020FAF72AFB0120102118A21F2320
:106F9000CDE9002102904FF61F025A210020FAF796
:106FA0001DFB0120102118A21F23CDE90021029012
:106FB0001A4678210020FAF711FB40F2DC50FFF767
:106FC0001DFF40F2DC50FFF719FF0EBDC8ABB6AF96
:106FD000B5E7D7D3D7DBBACFB2E2CAD4B3CCD0F2BD
:106FE00000000000C8ABB6AFB5E7D7D30000000083
:106FF000332E393722204E54333535313020343852
:1070000030583830300000007869616F46656E672F
:107010004051447465636820323032302D30362D53
:107020003032000010B50246012000E050430B1E34
:10703000A1F10104E1B2F9D110BD4FF04070E1EED1
:10704000100A7047010002000400060008000A0050
:107050000C00100020004000800000010100020030
:107060000400060008000A000C0010002000400088
:10707000800000010000000000000000000000008F
:107080000000202020202020002000000028505058
:10709000000000000000000000002828FC2850FC30
:1070A00050500000002078A8A0603028A8F02000F0
:1070B000000048A8B0502834544800000000205078
:1070C0005078A8A8906C00000040408000000000AC
:1070D0000000000000040810101010101008040038
:1070E0000040201010101010102040000000002060
:1070F000A87070A8200000000000202020F82020A8
:10710000200000000000000000000000004040805F
:107110000000000000F80000000000000000000077
:107120000000000000400000000810101020204067
:10713000404080000000708888888888887000003F
:1071400000002060202020202070000000007088B7
:107150008810204080F8000000007088083008087F
:107160008870000000001030505090781018000017
:107170000000F88080F0080888700000000070901F
:1071800080F08888887000000000F890102020208F
:1071900020200000000070888870888888700000B7
:1071A000000070888888780848700000000000009F
:1071B000200000000020000000000000002000006F
:1071C00000202000000408102040201008040000C7
:1071D00000000000F80000F800000000004020104F
:1071E000080408102040000000007088881020204B
:1071F000002000000000708898A8A8B880780000DF
:10720000000020203050507848CC00000000F048AA
:107210004870484848F000000000788880808080EE
:10722000887000000000F0484848484848F00000D6
:107230000000F8485070504048F800000000F8483E
:107240005070504040E000000000384880809C882A
:10725000483000000000CC484878484848CC00003E
:107260000000F8202020202020F8000000007C10E2
:10727000101010101090E0000000EC4850605050CA
:1072800048EC00000000E0404040404044FC00006A
:107290000000D8D8D8D8A8A8A8A800000000DC48CA
:1072A0006868585848E80000000070888888888816
:1072B000887000000000F0484870404040E0000046
:1072C00000007088888888E8987018000000F048EE
:1072D0004870504848EC0000000078888060100832
:1072E00088F000000000F8A8202020202070000076
:1072F0000000CC4848484848483000000000CC48CE
:1073000048505030202000000000A8A8A87050501D
:10731000505000000000D8505020205050D800009D
:107320000000D85050202020207000000000F8906D
:107330001020204048F80000003820202020202085
:10734000202038000040404020201010100800008D
:10735000007010101010101010107000002050005D
:10736000000000000000000000000000000000001D
:10737000000000FC002000000000000000000000F1
:107380000000000000304838483C00000000C040C9
:107390004070484848700000000000000038484035
:1073A000403800000000180808384848483C0000F1
:1073B00000000000003048784038000000001C2029
:1073C000207820202078000000000000003C483099
:1073D000407844380000C0404070484848EC000005
:1073E000000020000060202020700000000010003D
:1073F00000301010101010E00000C040405C5070D1
:1074000048EC00000000E0202020202020F80000B0
:107410000000000000F0A8A8A8A8000000000000DC
:1074200000F0484848EC00000000000000304848E8
:10743000483000000000000000F04848487040E07C
:1074400000000000003848484838081C00000000D0
:1074500000D8604040E000000000000000784030AC
:107460000878000000000020207020202018000074
:107470000000000000D84848483C00000000000020
:1074800000EC4850302000000000000000A8A87068
:10749000505000000000000000D8502050D80000DC
:1074A0000000000000EC4850302020C00000000028
:1074B0000078102020780000001810101020101004
:1074C00010101800101010101010101010101010C4
:1074D00000602020201020202020600040A4180000
:1074E000000000000000000000000000000000009C
:1074F000000000000000000000000010101010103C
:107500001010000018180000001236244800000077
:107510000000000000000000000000242424FE48B9
:107520004848FE4848480000000010385454503085
:10753000181414545438101000000044A4A8A8A82B
:10754000541A2A2A2A4400000000003048484850B3
:107550006EA494888976000000606020C00000005E
:1075600000000000000000000002040808101010D5
:10757000101010080804020000402010100808082D
:107580000808081010204000000000001010D63835
:1075900038D610100000000000000000101010107D
:1075A000FE1010101000000000000000000000009D
:1075B00000000000606020C000000000000000002B
:1075C0007F0000000000000000000000000000003C
:1075D00000000000606000000000010202040408D6
:1075E00008101020204040000000001824424242B1
:1075F0004242424224180000000000107010101097
:1076000010101010107C00000000003C42424204A8
:1076100004081020427E00000000003C4242041892
:107620000402024244380000000000040C14242428
:1076300044447E04041E00000000007E4040405888
:1076400064020242443800000000001C24404058FC
:1076500064424242241800000000007E44440808AE
:1076600010101010101000000000003C4242422494
:1076700018244242423C00000000001824424242CA
:10768000261A02022438000000000000000018182A
:1076900000000000181800000000000000000010AA
:1076A000000000000010102000000002040810205C
:1076B0004020100804020000000000000000FE004E
:1076C0000000FE0000000000000000402010080440
:1076D00002040810204000000000003C4242620208
:1076E000040808001818000000000038445AAAAA2C
:1076F000AAAAB4424438000000000010101828283C
:10770000243C444242E70000000000F8444444782E
:107710004442424244F800000000003E4242808061
:107720008080804244380000000000F84442424219
:107730004242424244F80000000000FC42484878BF
:107740004848404242FC0000000000FC42484878A3
:107750004848404040E000000000003C4444808035
:10776000808E844444380000000000E742424242D8
:107770007E42424242E700000000007C10101010E0
:1077800010101010107C00000000003E08080808CF
:1077900008080808080888F0000000EE4448507007
:1077A0005048484444EE0000000000E040404040A3
:1077B0004040404042FE0000000000EE6C6C6C6CEB
:1077C0005454545454D60000000000C76262525210
:1077D0004A4A4A4646E2000000000038448282825B
:1077E0008282828244380000000000FC4242424211
:1077F0007C40404040E0000000000038448282822B
:107800008282B2CA4C380600000000FC4242427C30
:107810004848444442E300000000003E4242402009
:1078200018040242427C0000000000FE921010107A
:107830001010101010380000000000E742424242D1
:1078400042424242423C0000000000E742424424DF
:107850002428281810100000000000D6929292925E
:10786000AAAA6C4444440000000000E74224241803
:107870001818242442E70000000000EE44442828A1
:1078800010101010103800000000007E840408085A
:107890001020204242FC0000001E1010101010109A
:1078A0001010101010101E0000004040202010107A
:1078B00010080804040402020078080808080808F0
:1078C0000808080808087800001C220000000000D2
:1078D00000000000000000000000000000000000A8
:1078E00000000000000000FF006010000000000029
:1078F0000000000000000000000000000000003C4C
:10790000421E2242423F0000000000C0404040585A
:107910006442424264580000000000000000001C65
:1079200022404040221C0000000000060202021E0D
:1079300022424242261B0000000000000000003CE2
:10794000427E4040423C00000000000F1110107EBB
:1079500010101010107C0000000000000000003E1D
:10796000444438403C42423C000000C04040405C3F
:107970006242424242E700000000003030000070E6
:1079800010101010107C00000000000C0C00001CF7
:107990000404040404044478000000C04040404E45
:1079A0004850684844EE00000000007010101010AD
:1079B00010101010107C000000000000000000FEFD
:1079C0004949494949ED000000000000000000DC81
:1079D0006242424242E70000000000000000003C1A
:1079E00042424242423C000000000000000000D839
:1079F00064424242447840E0000000000000001E63
:107A000022424242221E020700000000000000EE57
:107A10003220202020F80000000000000000003E7E
:107A200042403C02427C0000000000000010107C3C
:107A300010101010100C000000000000000000C624
:107A400042424242463B000000000000000000E7C6
:107A5000422424281010000000000000000000D77D
:107A60009292AAAA44440000000000000000006EA8
:107A7000241818182476000000000000000000E719
:107A800042242428181010E0000000000000007EAE
:107A900044081010227E00000003040404040408BB
:107AA000040404040404030008080808080808087B
:107AB00008080808080808080060101010101008CE
:107AC0001010101010106000304C43000000000037
:107AD0000000000000000000C9EE000027FC1404B4
:107AE00014A4811042084040104017FC2040E0E000
:107AF000215022482C4620400040DBDA110411249A
:107B0000112411241124FD241124112411241124E1
:107B100011241D24E124422402040404CAD00200DA
:107B2000010000007FFC0100010001003FF8210876
:107B30002108210821082128211001000100C8ABDB
:107B400000000000018002400430180860061FF9A0
:107B50000100010001003FF80100010001007FFE6B
:107B6000B6AF0000000000203E20007C0022002272
:107B70007F221022102212221222224223423D8210
:107B8000009CB5E70000010001001FF0610C4104FA
:107B900041047FFC4104410441047FFC01000102D7
:107BA000010201FCD7D3000000003FF80010006084
:107BB0000080010000807FFE004000400020002087
:107BC000002018400780BCBC10201020102013FE9D
:107BD000FC201020102015FC18843088D04810504C
:107BE0001020105051882606CAF50100012001100E
:107BF00001107FFC03800540054009201110210879
:107C000041048102010001000100D3D00200020002
:107C1000FFFE040004000FF0081018102FF04810A9
:107C200088100FF00810081008500820CFDE000060
:107C30007BF84A08520853F8620852084BF84A4445
:107C40004A486A3052204210428843064200B9AB8B
:107C50000080048004800840084010202010420862
:107C6000820604000440082010203FF0101000009D
:107C7000CBBE00003FF8000800087FE800080008BD
:107C80001F8810881088108810881F881088002886
:107C90000010BBB600800080FC8004FC050449088D
:107CA0002A401440104028A024A04510811002084A
:107CB00004040802D3AD00002080133C12240224E7
:107CC0000224F2241224122412B4132812201020A9
:107CD000282047FE0000C4FA0900090011FC320404
:107CE0005448995011481244144411401080020025
:107CF0005104511290120FF0B4BF00000020102068
:107D000013FE202026244A247A241224222423FC31
:107D10007C20002204227822003CC9AB0000000035
:107D200004000FF0102020207FFC20842084208479
:107D300020843FF82000200220021FFECCEE00002D
:107D40000000204023FE204079FC220423FC220472
:107D500023FC220423FC3A0465FA01980204B3E4EC
:107D60000000010001007FFE022004100408080446
:107D70003FFC044204400440044208421042607E3A
:107D8000BED800000000207E3E804880488048FE2B
:107D900048827F8208820C8214FA12842280218019
:107DA00040FED0CE000000007F842208223022C096
:107DB000220222047FC8223022C222022204220888
:107DC00022304040BBAD000000007FFE00000FF0FD
:107DD00011101110111051125FF251125112511263
:107DE0004FF240027FFCD4B2000000007FFE47E269
:107DF0004812481247E24FF25012501251125112DB
:107E000042924472580A3FFCCDBC000000003FFE85
:107E1000440247F24C225362408243625E1A41821E
:107E20004062430240C240223FFCC6AC000000401A
:107E30002040204020403FFE2000200020003FE066
:107E4000201020102010201040104010CFD400002F
:107E500000003FFC200420043FFC200420041FF805
:107E600024441448144814480C5004407FFECABEF1
:107E7000000000003FFC0000000000007FFE0080CA
:107E8000089008881088108420842082408207800F
:107E9000B2CB0000002008207FFE002000783F8841
:107EA0001108089009207FFE018003400D30310C3D
:107EB0004002B5A500000010081004203FF821047E
:107EC00021043FFC210421043FF801007FFE010052
:107ED00001000100D6D000000100010001003FFCBC
:107EE0002104210421042104210421043FFC010078
:107EF000010001000100D3A20000000008207FFE65
:107F00000820092001003FF82108210821081FF45A
:107F1000014002200C10700ECEC4000001000100D0
:107F200000803F7C0810081004100420022002404A
:107F30000180018002601C18E006D7DB0000000011
:107F4000102011FE2202220249FC5800300013FECC
:107F50002528792401240D24722202A2BACF000020
:107F60000000018002400430180860061FF800007D
:107F70001FF8200420042004200420041FF8C1C19D
:107F80000000010001007FFE00003FF820083FF8DC
:107F90003FF8400647C24824082008221022603ECD
:107FA000B6C80000000000803FFE44105FFC441093
:107FB000441043F040005FF84408423041C0436041
:107FC000BC1EB2E20000000067C214520552055206
:107FD000C55225520552055215521752228222428D
:107FE0004442483ECAD4000000002014101417FE7A
:107FF00000120010601013F0109010901090149266
:1080000014EA1F0A0006B3CC0000000019FE720239
:10801000120212027DFC18001BFE3420502053FE79
:1080200010201020102013FED0F20000000000806D
:108030003FFE400047FC4208413040C05FFE4042E6
:1080400040424044404840404440B5F700000000F2
:1080500023FE122202FA0222E22212FE1272128A77
:10806000128A128A16BA1A421202040EB9E20000EB
:108070000100010411080908091009207FFE0440CD
:10808000044004400440084208421042607CB0E6CC
:108090000000000048FE4900490049007EFE418280
:1080A00041447944452845284510452846440382E3
:1080B000C8A800001000100013FC7D04110419046E
:1080C00018843488504850501020105010881304E1
:1080D0001402CBF9000000003F7C204020403E40CD
:1080E000227E2244224422443E84208420844084F0
:1080F00041044204C6C100003FF8200820083FF8B0
:10810000241022202FF8222022203FFC222042206F
:10811000442084200820C4BB04407FFC04401FF09E
:1081200010101FF010101FF00400FFFE11103FF898
:10813000D116115011200100D0FD2080108010FEBA
:108140000100FE0021FC20243C2424A024A024BC07
:1081500024A024A04560553E8A00D7AA20202020D4
:108160002020FDFC4020504093FEFC40108011FC7C
:108170001C04F0885050102010101010BFAA0000EE
:108180007FFC08200820082008200820FFFE082087
:108190000820082008201020102020204020D4B4DF
:1081A000000027FE1420144085FC450445FC1504FE
:1081B00015FC2524E42024A829242A2230A00040EC
:1081C000D2BA0080204017FE11208120423C424458
:1081D000166412942348E24822302220225022883A
:1081E0000306BEA70FE0082008200FE008200820A3
:1081F0000FE000007EFC428442847EFC4284428484
:108200007EFC4284CDF800007FFC40044004421410
:1082100052944A54442444244A544A545294610483
:10822000400440144008D5BE1020082008207E20BD
:10823000003E04204420442025FC290429040F0486
:10824000F104410401FC0104B0B4104010201020DE
:1082500013FEFA02144410401BFE3088D088110827
:1082600010D01020105050882304BCFC2010201087
:108270003B7C211441FE7A14A27C2710F97C251046
:1082800025FE22102A10350028FE0000D0A3104041
:108290001020102011FEFC00108831043A0254888E
:1082A0005088905010501020105010881306D7BCE2
:1082B00001404120212023FE022016201BFC122019
:1082C000222023FCE2202220222023FE2200020082
:1082D000B4A520202020782049FC91247D24552419
:1082E00055247DFC552454207C28542457FE4502F7
:1082F0008C00C3FE1110111017FC1110FC0013F8B4
:10830000120817F81A0833F8D04017FC10A0111003
:1083100052082406B6C10020202011FC10200020A5
:1083200003FEF002109410501110109013FE142848
:10833000184410820302BACD04000E007800087CB5
:108340000844FF44084418441C442A442A4448442E
:10835000887C084408000800D1D5100008FE7F1072
:108360002220147C7F44445448545254445448546A
:1083700051544228442488423082D6B508400840EF
:108380000FFC1040104033F8320853F8920813F8ED
:10839000120813F8120812081FFE1000C8DD0200B0
:1083A00001007FFE4002882411102288044008202A
:1083B0003018DFF61010101010101FF01010D6A794
:1083C0000100010001007FFC0100010001003FF0FD
:1083D0001010082004400280010006C01830E00E92
:1083E000B3D610201020102011FCFC20102013FE0A
:1083F0001008180833FED0081088104810085028BC
:108400002010B5E302000200020003FC020002009B
:108410003FF02010201020103FF00000248822445C
:1084200042448004CCAC010001007FFC01000280CA
:1084300004400A203118C006010008884884481208
:10844000481287F00000CAFD082049202A20083E73
:10845000FF442A44494488A41028FE2822104210D0
:10846000642818283444C282D7D6020001007FFE57
:10847000400280041FE0004000800100FFFE010078
:1084800001000100010005000200C9EE000000002B
:1084900000001000000800080C7FFC04401001C818
:1084A000A002186042301832231812C300140300CF
:1084B00004030C047FF0080F80080B407813601849
:1084C000332018631818831C1903081803000003CD
:1084D00000000000DBDA00000000000004100C04C3
:1084E000180C04108C04108C04108C04108C04D014
:1084F0008C3F108C04108C04108C04108C04108C95
:1085000004108C04108C05F08C0E208C78208C20AC
:10851000408C00808C01000C02000C000000CAD0CE
:1085200000000000000000300000180000180800E3
:10853000001C1FFFE000180000182007FFF00418BF
:1085400020041820041820041820041820041820DF
:108550000418200418200418200418E0041840000F
:108560001800001800000000D6D000000000000035
:1085700000000000000000180000180000180000B3
:1085800018003FFFFE301806301806301806301865
:10859000063018063FFFFE301806001800001800CD
:1085A0000018000018000018000000000000000083
:1085B0000000CEC4000000000000000000003800F1
:1085C000001C00000600FFFFFF060030060030031D
:1085D00000600300600180C000C18000E30000363D
:1085E00000001C0000770003C1E01E003C60000793
:1085F000000000000000000000000000B2E20000E7
:108600000000000000000000000040000321FF33D4
:10861000398333118333019B33C19B33719B3319EE
:108620009B33019B33019B33119B3319B3333030A0
:1086300033306C0330C6036383032E01BE00000099
:10864000000000000000CAD400000000000000008C
:10865000000000004000D83000CE1800C21C00C04E
:1086600001FFFF0000C0F800C01800C019FFC018CB
:1086700018401818601918601B18611E18311C1F4B
:10868000B139F01910000F000000000000000000D8
:10869000D7D6000000000006000000030000000024
:1086A000C0000001C0C0000107C00001FF00021FA0
:1086B000FE0007F01C0007C070000F00E0000E0372
:1086C000F0001C0FF0003C0F70003C00E0001800B0
:1086D000C0000000C0000000C000000060000000FA
:1086E0002000000037000001FF00007FF80007F8BD
:1086F00030001F8030000080300000C0300000607B
:1087000060000018E000000FC0000006000000003C
:108710000000CCE50000000000000000000000C0E8
:10872000000000E0002001B800703FF80061FFC0C9
:1087300000C3030001C60600038C060003080C00FA
:1087400006080C000E18183F1E101BF31F903F0761
:1087500000803C1C0190707C019060FE01A0C3F879
:1087600001A00FD803A008180360001803400018E8
:1087700003C0001803800018030000180000001850
:108780000000001000000030000000300000000079
:1087900000000000B2E20000000000000000000045
:1087A000000000000000020C1008071FF80403BFBF
:1087B000F00201BC300303EC3003015C600300D81D
:1087C000600300D860038098620361B8430771B109
:1087D0004306313243063376C3063A64C7063EEC9D
:1087E000C0063E78C0063C3040067C70000678E04B
:1087F00060067BFFF006F7C00006E40000064000BC
:108800000006000000060000007C00008FF0000061
:108810007C0000000000CAD400000000000000003E
:108820000000000000003F0000007F800000018089
:10883000000000C0000000C0000000CE038000CF98
:10884000FFC000DD41800FFE0007FFFC000C00F0C0
:1088500000180FC03E19FF40F311BC6083307FE069
:1088600003B1FE200333802003700030036000104A
:108870000360001807C0000C07C000040780000256
:1088800001000003000000010000000000000000E3
:1088900000000000000000000100020004000600CB
:1088A00008000A000C0010002000400080000001B9
:1088B000010002000400060008000A000C0010007D
:1088C0002000400080000001FFFFFFFFFFFFFFFFCF
:1088D000FFFFFFFFFFFFFFFFFFFFFFFFFFFFFFFFA8
:1088E000FFFFFFFFFFFFBEF7FFFFDEFF38C6928CE2
:1088F0008E6B6E6B107C96AD3CE7FFFFFFFFFFFFBA
:10890000FFFFFFFFFFFFFFFFFFFFFFFFFFFFFFFF77
:10891000FFFFFFFFFFFFFFFFFFFFFFFFFFFFFFFF67
:10892000FFFFFFFFFFFFFFFFFFFFFFFFFFFFFFFF57
:10893000FFFFFFFFFFFF5DEF159D4F636C420A32A3
:108940008829461925194521E8318E6B38C6FFFF65
:10895000FFFFFFFFFFFFFFFFFFFFFFFFFFFFFFFF27
:10896000FFFFFFFFFFFFFFFFFFFFFFFFFFFFFFFF17
:10897000FFFFFFFFFFFFFFFFFFFFFFFFFFFFFFFF07
:10898000FFFFFFFF36A51053104B51530F4B6C3AAE
:10899000E93167212519E410A30862008308CB524E
:1089A0009AD6FFFFFFFFFFFFFFFFFFFFFFFFFFFF65
:1089B000FFFFFFFFFFFFFFFFFFFFFFFFFFFFFFFFC7
:1089C000FFFFFFFFFFFFFFFFFFFFFFFFFFFFFFFFB7
:1089D0003CE77063B363B87CF56311434D32EA2919
:1089E000882126190519051904110411E4108300C2
:1089F000A308728CFFFFFFFFFFFFFFFFFFFFFFFFDA
:108A0000FFFFFFFFFFFFFFFFFFFFFFFFFFFFFFFF76
:108A1000FFFFFFFFFFFFFFFFFFFFFFFFFFFFDBDEAB
:108A20004B3AF042356C544BB1322E2AEB21A9213E
:108A30006719051904110411041104110411051911
:108A4000E4104200AF73FFFFFFFFFFFFFFFFFFFFD8
:108A5000FFFFFFFFFFFFFFFFFFFFFFFFFFFFFFFF26
:108A6000FFFFFFFFFFFFFFFFFFFFFFFF5DEF09328B
:108A70004C32104B8F324F2A2E2ACC19891989215A
:108A80004719051904110411C410C410041104116C
:108A90000411E41042003184FFFFFFFFFFFFFFFFDE
:108AA000FFFFFFFFFFFFFFFFFFFFFFFFFFFFFFFFD6
:108AB000FFFFFFFFFFFFFFFFFFFFFFFFEC52471924
:108AC0004C320B2AEC21EC210C22915BEE4A061170
:108AD00026190419E410E410A7296621A308051932
:108AE00004110411E4108200F7BDFFFFFFFFFFFF38
:108AF000FFFFFFFFFFFFFFFFFFFFFFFFFFFFFFFF86
:108B0000FFFFFFFFFFFFFFFFFFFF35A58308882161
:108B100088218921AA218A216B42718CFFFF728CE6
:108B200083080411C4082942FBDE5DEFEC5A830878
:108B30000411041104118308E831DFFFFFFFFFFF78
:108B4000FFFFFFFFFFFFFFFFFFFFFFFFFFFFFFFF35
:108B5000FFFFFFFFFFFFFFFFBEF7C731C41025195E
:108B6000261947194719A8298A52284A55ADFFFFE7
:108B7000E831A30805194D6B4D6BFFFF7DEF4521D3
:108B8000C410041104110411620076ADFFFFFFFF51
:108B9000FFFFFFFFFFFFFFFFFFFFFFFFFFFFFFFFE5
:108BA000FFFFFFFFFFFFFFFF96B5620004110419EE
:108BB00005110519C4088B4AB6B55DEFF7BDFFFF77
:108BC0008E6B62002942AA5A0842FFFFFFFFCC5277
:108BD0008308041104110411A308AD52FFFFFFFF25
:108BE000FFFFFFFFFFFFFFFFFFFFFFFFFFFF1CE790
:108BF000FFFFFFFFFFFFFFFF4E6362000411041140
:108C00000411E41062008E63FFFFFFFFFFFFFFFF10
:108C1000CF730100F39C2C6396B5FFFFFFFF2D5B24
:108C20008300041104110411E41067213DEFFFFFDC
:108C3000FFFFFFFFFFFFFFFFF8BDB7B59EEFCB5271
:108C4000B394FFFFFFFFDFFFE831A3080411041115
:108C500004110411A3084942FFF7FFF7FFFFFFFFCC
:108C60006A4A01007284FFFFFFFFFFF7DFEF093A56
:108C7000A3080411041104110411051118BEFFFF0B
:108C8000FFFFFFFFFFFFFFFFF07B6200E831C7310E
:108C9000410035A5FFFF5DEF4621C410041104110A
:108CA00004110411E410A308769DFFF7FFFFB7AD90
:108CB000A308A308C7319EE7FFF7FFF776A5A3082F
:108CC000E4100411041104110511051135A5FFFF6D
:108CD000FFFFFFFFFFFFFFFFDBDEA7298300C410BC
:108CE000C410C4101CE79EEF0511E4100411041118
:108CF000041104110419C408E510D16BD16BC50827
:108D00006400A50843002B32779DB3842519C41055
:108D1000041104110411041125192609359DFFFFC2
:108D2000FFFFFFFFFFFFFFFFFFFFAF7362000419AC
:108D3000051982000D5B8E9B621005110411041150
:108D40000419E41085000511C439815A407B229C26
:108D500043AC03A4839B82728249C218A400C5005D
:108D6000E41004190411051947196711EC5ABEFFE4
:108D7000FFFFFFFFFFFFFFFFDFFFDBDEC410E4109C
:108D800004110511A41801C08388E4000519041911
:108D9000C5084421438323D542FEE4FE27FF07FF95
:108DA000A4FE64FE03FEA3FDE2FC42EC83B3246256
:108DB000E510C40804192619A81987210090D3BC0E
:108DC000FFFFFFFFFFFFFFFFDFFFFFFF107C420001
:108DD00005190511832801D044F8A348E400C5080B
:108DE000445A02EDE2FD02FE66FE74FFB8FF73FF17
:108DF000E7F6A6F645F6A4F5C3FC62FCC2FCC2FC8D
:108E0000E3CBC449061188198701A49001F8EC9AB4
:108E1000FFFFFFFFFFFFFFFFFFFFFFFFBEF7E83190
:108E200083000509824001C023F885F0A348A4000F
:108E3000445A02FD23CCC2DC04FE28FE48F646F666
:108E400024F6E4F564FDE3FC62FCC2FC02E402DC0F
:108E5000E2FCA47A48016701C47824F802F884B0DF
:108E60007DE7FFFFFFFFFFFFFFFFFFFFFFFFDBDEF1
:108E70002519A300C43802E022D844F8A6F8A47843
:108E80006300432183728339829B21F561FD22FDBA
:108E9000E2FCA2FC42FC42FC42FC22AB8341C392B6
:108EA000045226012519A49844F823F802F8A4D006
:108EB0009EEFFFFFFFFFFFFFFFFFFFFFFFFFFFFF33
:108EC0009AD68729A50043B822F823E065F8E8F888
:108ED00007C983484200A30084006329A27A62B3D1
:108EE000A2CB62D302BB828A8339A400E500E500ED
:108EF000E508C46064D844F824F823F802F88388AD
:108F0000DBC6FFFFFFFFFFFFFFFFFFFFFFFFFFFFCE
:108F1000FFFF3DE7505B083123E843F844F065F874
:108F200009F9ABF989D10689A34842180200420029
:108F300061008200620062008300A320C450A58803
:108F400085D865F844F844F823F823F803D0821054
:108F5000C7295DEFFFFFFFFFFFFFFFFFFFFFFFFFE1
:108F6000FFFFFFFFFFFF6C32A53802D823F865F83A
:108F700066F8A7F84AF90CFA4DFA4CEA0BD2A9B9EF
:108F800068B147A927B107B907D1E7E8C7F8A7F83B
:108F900065F865F844F823F803F802D0A32805091A
:108FA000C408EC5AFFFFFFFFFFFFFFFFFFFFFFFFBB
:108FB000FFFFFFFFFBDE0519C400A741E6C003F871
:108FC00086F8A7F887F886F8C7F829F98AF9ABF97F
:108FD000ABF98BF96AF929F908F9C7F8A6F886F808
:108FE00065F864F823F802F006B12529E400E410DE
:108FF00025192519149DFFFFFFFFFFFFFFFFFFFF4E
:10900000FFFFFFFF96AD620082083595BACE8BA2B6
:1090100044D025F887F8A7F8C7F8A7F887F886F8A6
:1090200086F886F887F8A7F8A7F8A6F885F865F80F
:1090300064F824F064B80D93BBB6CF6383080411C1
:10904000E4106621493A5DEFFFFFFFFFFFFFFFFFDE
:10905000FFFFFFFFD3944200E410BBCEFFFFBEE74B
:1090600076B5CCAA07C145E045F846F866F886F81B
:1090700086F886F886F865F845F865F865E844D01E
:1090800043A8018882903CD7FFEF559583080411CF
:10909000041105194619B394FFFFFFFFFFFFFFFFFF
:1090A000FFFFFFFFB394410086215DDFFFFFFFFF5D
:1090B000FFFFDFE77AC6D3B44EB32AC268D1E6E039
:1090C000A6E8A5E8A5E8E6D888C906A922A802A8C6
:1090D00000A000C800D8F7E5FFE7F8ADC410E41021
:1090E0000411E41005118B4AFFFFFFFFFFFFFFFF94
:1090F000FFFFFFFF55A54100A7295DDFFFF7FFFF39
:10910000FFFFFFFFFFFFFFFFFFEF7DDFDBCE59CE4D
:10911000F8CDD7CDF7C579CEFBBEABA203F045F8AD
:1091200042D043E800F072D4FFDF39AEE410E4101F
:109130000411E41005118729FFFFFFFFFFFFFFFF68
:10914000FFFFFFFF59CE830846211CD7FFF7FFFF23
:10915000FFFFFFFFFFFFFFFFFFFFFFFFFFFFFFFF1F
:10916000FFFFFFFFFFFFFFFFFFEF8BBA04F845F89B
:1091700062E044F000F88EDBFFDFF8A5C410E410D5
:10918000E4100411E4102519FFFFFFFFFFFFFFFFAC
:10919000FFFFFFFFBEF78729830839B6FFF7DFF728
:1091A000FFFFFFFFFFFFFFFFFFFFFFFFFFFFFFFFCF
:1091B000FFFFFFFFFFFFFFFFBEE74ABA03F845F8D6
:1091C00064F844F800F86EE3FFD7F48C83080411C8
:1091D000E410E410E4100519FFFFFFFFFFFFFFFF9D
:1091E000FFFFFFFFFFFFEF7300007284FFEFBEEF92
:1091F000DFFFFFFFFFFFFFFFFFFFFFFFFFFFFFFF9F
:10920000FFFFFFFFFFFFFFFFDFE78BBA03F845F823
:1092100045F823F800F8D3D4FFD74E5B2100293A54
:1092200055A58308C4102519FFFFFFFFFFFFFFFFAF
:10923000FFFFFFFFFFFFFBDEA308E8319EDF9EE795
:10924000BFEFFFFFFFFFFFFFFFFFFFFFFFFFFFFF7E
:10925000FFFFFFFFFFFFFFFFFFF751BC02E003F836
:1092600003F043E0ECC27ECFFCBE46212100D39444
:10927000FFFF518400008729FFFFFFFFFFFFFFFF73
:10928000FFFFFFFFFFFFFFFF51840000F48CFFEFA3
:109290009EE7BFEFDFFFFFFFFFFFFFFFFFFFFFFFC7
:1092A000FFFFFFFFFFFFFFFFFFFF3DDF55BD52BC8C
:1092B00072BCB7B55DC7FFDFF06B0000093ABFF7BE
:1092C000FFFFFFFF149D55A5FFFFFFFFFFFFFFFFFF
:1092D000FFFFFFFFFFFFFFFFFFFFAC4AA408BBBE7D
:1092E000DFE77EE7BEEFDFF7DFFFFFFFFFFFFFFFF8
:1092F000FFFFFFFFFFFFFFFFDFFFDFF7FFEFDFDF16
:10930000BFD79ED7DFDFD8A583082611DBD6FFFFA6
:10931000FFFFFFFFFFFFFFFFFFFFFFFFFFFFFFFF5D
:10932000FFFFFFFFFFFFFFFF79EE8BDC2131A9215B
:109330003DCFBFDF7EDF9EE7BEEFBFEFDFF7DFF79A
:10934000DFF7DFF7DFF7BFEFBEEF9EE77EDF5ED729
:109350005ED7DFDF9AB626194208EDA3BFFFFFFFF5
:10936000FFFFFFFFFFFFFFFFFFFFFFFFFFFFFFFF0D
:10937000FFFFFFFFFFFF74DDC0DB00FE42EE024295
:1093800089217BB6DFDF7ED77EDF7EDF9EE79EE72B
:109390009EE79EE79EE77EDF7EDF5DD75DD79EDF9F
:1093A000FFE7F8A50711E31802C560FDE6D3DBEE81
:1093B000FFFFFFFFFFFFFFFFFFFFFFFFFFFFFFFFBD
:1093C000FFFFFFFF9EF784BAC1FC42FE82FEA2FEB1
:1093D0008183452174745EC7DFDF7ED75ED75DD79A
:1093E0005ED75ED75DD75DD75ED79EDFFFE73DC70F
:1093F000F1638408425226E629FF86FEE0F36AC341
:10940000FFFFFFFFFFFFFFFFFFFFFFFFFFFFFFFF6C
:10941000FFFFFFFF18DEC1D2A2FD22FE42FE42FE88
:1094200062FEE2D4416A494253743BA63EC7BFD7AD
:10943000BFD7BFD7BFDFBFD73EC71AA6F263A729E2
:10944000824122B462FE83FEAAFE0FFF67FD63BA6B
:109450003CEFFFFFFFFFFFFFFFFFFFFFFFFFFFFFEF
:10946000FFFFFFFF9AE680D221FDC2FDE2F5C2F5C3
:1094700082F582FD62FD61DC219B846AE96A2C63CE
:10948000AF6311746E632C63895A0452817AC2CB24
:10949000E2FC62FD82FDC2FDC2FDE4FD24FD62CA64
:1094A0001CE7FFFFFFFFFFFFFFFFFFFFFFFFFFFFC7
:1094B000FFFFFFFFFFFFB1CC81D2C0F3C1FC02FD73
:1094C00002FDE2FCC2FCC2FC81FC80FBC0C9A4819D
:1094D00035AD59CE719C218100DAA1FB82FCA2FC42
:1094E00082FCA2FC02FD22FDE2FC00FC60DA90CCD2
:1094F000FFFFFFFFFFFFFFFFFFFFFFFFFFFFFFFF7C
:10950000FFFFFFFFFFFFFFFF59DE0DC406CBE4D2D4
:1095100003DB03DBE3DAC3D2A4C209B3D2BC9EF7F8
:10952000FFFFFFFFFFFFFBE60EB4A6BA83D2E3E224
:1095300002EB22EB22E303DBE4D26AC3B6D5FFFFE2
:10954000FFFFFFFFFFFFFFFF00960008F4950008F4
:10955000E4950008D495000801000200040006000C
:1095600008000A000C0010002000400080000001EC
:10957000010002000400060008000A000C001000B0
:1095800020004000800000010000000001020304F0
:109590000102030406070809303132333435363707
:1095A0003839414243444546403058003031323327
:1095B0003435363738396162636465664030780027
:1095C000040000080000000000000002000100008C
:1095D00010000000526F746174696F6E3A32373058
:1095E00000000000526F746174696F6E3A31383058
:1095F00000000000526F746174696F6E3A39300078
:10960000526F746174696F6E3A300000506C65611E
:1096100073652075736520746865207374796C7543
:109620007320636C69636B207468652063726F7369
:1096300073206F6E207468652073637265656E2E8B
:109640005468652063726F73732077696C6C206156
:109650006C77617973206D6F766520756E74696CB7
:10966000207468652073637265656E2061646A7535
:1096700073746D656E7420697320636F6D706C65B3
:109680007465642E00000000A89600080000002405
:1096900070000000D4020008189700087000002431
:1096A000D8070000F002000800F8E0071F00E0FF04
:1096B0001FF800F81FF8E007CF011F0000001F840B
:1096C000000000000090D0030090D00300000000D4
:1096D0001000000001000000000000000000FFFF7B
:1096E00000000000F15C0008696000089953000860
:1096F000000000000000000000000000000000006A
:10970000000000000000000000000000D0900000F9
:089710000C96000801000000A6
:040000050800029954
:00000001FF
